Number	Morph	Frequency

1	Noun+A3sg+Pnon+Nom+Adj+Without+Noun+Ness+A3sg+Pnon+Nom	9880
2	Noun+A3sg+Pnon+Nom+Adj+Without+Noun+A3pl+Pnon+Nom	9616
3	Noun+A3sg+Pnon+Nom+Adj+Without+Verb+Pres+Cop+A3sg	9201
4	Noun+A3sg+Pnon+Nom+Adj+Without+Noun+A3sg+Pnon+Dat	6656
5	Noun+A3sg+Pnon+Nom+Adj+Without+Adj+AsIf	4741
6	Noun+A3sg+Pnon+Nom+Adj+Without+Verb+Past+A3sg	3859
7	Noun+A3sg+Pnon+Nom+Adj+Without+Noun+A3pl+Pnon+Gen	2859
8	Noun+A3sg+Pnon+Nom+Adj+Without+Noun+Ness+A3sg+P3sg+Nom	2624
9	Noun+A3sg+Pnon+Nom+Adj+Without+Verb+Pres+A1sg	2367
10	Noun+A3sg+Pnon+Nom+Adj+Without+Noun+Ness+A3sg+Pnon+Dat	1554
11	Noun+A3sg+Pnon+Nom+Adj+Without+Noun+A3pl+Pnon+Dat	1500
12	Noun+A3sg+Pnon+Nom+Adj+Without+Noun+Ness+A3sg+Pnon+Gen	1229
13	Noun+NoHats+A3sg+Pnon+Nom+Adj+Without+Verb+Pres+Cop+A3sg	1208
14	Noun+A3sg+Pnon+Nom+Adj+Without+Noun+Ness+A3sg+P3sg+Acc	1198
15	Noun+A3sg+Pnon+Nom+Adj+Without+Noun+Ness+A3sg+Pnon+Abl	1149
16	Noun+A3sg+Pnon+Nom+Adj+Without+Noun+A3sg+Pnon+Gen	1137
17	Noun+A3sg+Pnon+Nom+Adj+Without+Noun+A3sg+P3sg+Nom	988
18	Noun+A3sg+Pnon+Nom+Adj+Without+Noun+A3pl+P3sg+Nom	954
19	Noun+A3sg+Pnon+Nom+Adj+Without+Verb+Pres+A1pl	711
20	Noun+NoHats+A3sg+Pnon+Nom+Adj+Without+Verb+Past+A3sg	538
21	Noun+A3sg+Pnon+Nom+Adj+Without+Noun+Ness+A3sg+P3sg+Dat	522
22	Noun+A3sg+Pnon+Nom+Adj+Without+Verb+Past+A1sg	504
23	Noun+A3sg+Pnon+Nom+Adj+Without+Verb+Cond+A3sg	486
24	Noun+A3sg+Pnon+Nom+Adj+Without+Verb+Become+Verb+Caus+Pos+Noun+Inf2+A3sg+Pnon+Nom	453
25	Noun+A3sg+Pnon+Nom+Adj+Without+Verb+Become+Verb+Caus+Pos+Noun+Inf1+A3sg+Pnon+Nom	447
26	Noun+A3sg+Pnon+Nom+Adj+Without+Verb+Narr+A3sg	423
27	Noun+A3sg+Pnon+Nom+Adj+Without+Noun+Ness+A3sg+Pnon+Ins	367
28	Noun+A3sg+Pnon+Nom+Adj+Without+Noun+A3sg+Pnon+Apos+Gen	357
29	Noun+A3sg+Pnon+Nom+Adj+Without+Verb+Pres+A2sg	353
30	Noun+A3sg+Pnon+Nom+Adj+Without+Verb+Adv+While	345
31	Noun+A3sg+Pnon+Nom+Adj+Without+Verb+Pres+A2pl	336
32	Noun+A3sg+Pnon+Nom+Adj+Without+Verb+Become+Verb+Caus+Pos+Adj+PresPart	322
33	Noun+A3sg+Pnon+Nom+Adj+Without+Verb+Become+Pos+Noun+Inf2+A3sg+Pnon+Nom	314
34	Noun+A3sg+Pnon+Nom+Adj+Without+Noun+A3sg+Pnon+Loc	310
35	Noun+NoHats+A3sg+Pnon+Nom+Adj+Without+Noun+A3sg+P3sg+Nom	302
36	Noun+A3sg+Pnon+Nom+Adj+Without+Noun+Ness+A3sg+P3sg+Gen	292
37	Noun+A3sg+Pnon+Nom+Adj+Without+Noun+Ness+A3pl+Pnon+Nom	286
38	Noun+A3sg+Pnon+Nom+Adj+Without+Verb+Become+Pos+Past+A3sg	279
39	Noun+A3sg+Pnon+Nom+Adj+Without+Verb+Pres+Cop+A3pl	277
40	Noun+A3sg+Pnon+Nom+Adj+Without+Verb+Past+A1pl	274
41	Noun+A3sg+Pnon+Nom+Adj+Without+Verb+Become+Verb+Caus+Verb+Pass+Pos+Noun+Inf2+A3sg+P3sg+Nom	253
42	Noun+A3sg+Pnon+Nom+Adj+Without+Verb+Become+Pos+Adj+PresPart	250
43	Noun+A3sg+Pnon+Nom+Adj+Without+Noun+A3sg+Pnon+Abl	249
44	Noun+A3sg+Pnon+Nom+Adj+Without+Verb+Past+A3pl	233
45	Noun+A3sg+Pnon+Nom+Adj+Without+Noun+A3pl+Pnon+Abl	225
46	Noun+A3sg+Pnon+Nom+Adj+Without+Noun+Ness+A3sg+Pnon+Loc	222
47	Noun+A3sg+Pnon+Nom+Adj+Without+Noun+Ness+A3pl+P3sg+Nom	214
48	Noun+A3sg+Pnon+Nom+Adj+Without+Verb+Become+Pos+Prog1+A3sg	213
49	Noun+A3sg+Pnon+Nom+Adj+Without+Noun+Ness+A3sg+P3sg+Abl	204
50	Verb+Pos+Noun+Inf2+A3sg+Pnon+Nom+Adj+Without+Verb+Pres+Cop+A3sg	200
51	Noun+A3sg+Pnon+Nom+Adj+Without+Verb+Become+Pos+Aor+A3sg	197
52	Noun+A3sg+Pnon+Nom+Adj+Without+Verb+Become+Pos+Narr+A3sg	186
53	Noun+A3sg+Pnon+Nom+Adj+Without+Noun+A3pl+Pnon+Ins	185
54	Noun+A3sg+Pnon+Nom+Adj+Without+Verb+Become+Pos+Noun+Inf2+A3sg+P3sg+Nom	158
55	Noun+A3sg+Pnon+Nom+Adj+Without+Verb+Become+Verb+Caus+Pos+Prog1+A3sg	156
56	Noun+A3sg+Pnon+Nom+Adj+Without+Verb+Become+Verb+Caus+Pos+Noun+Inf2+A3sg+Pnon+Dat	148
57	Noun+A3sg+Pnon+Nom+Adj+Without+Verb+Become+Pos+Adj+PastPart+P3sg	142
58	Noun+A3sg+Pnon+Nom+Adj+Without+Verb+Become+Verb+Caus+Verb+Pass+Pos+Narr+A3sg	140
59	Noun+NoHats+A3sg+Pnon+Nom+Adj+Without+Noun+A3sg+Pnon+Dat	121
60	Noun+A3sg+Pnon+Nom+Adj+Without+Noun+A3pl+Pnon+Apos+Gen	119
61	Noun+A3sg+Pnon+Nom+Adj+Without+Verb+Cond+A2pl	118
62	Noun+A3sg+Pnon+Nom+Adj+Without+Noun+A3sg+P3sg+Dat	114
63	Noun+A3sg+Pnon+Nom+Adj+Without+Noun+Ness+A3sg+Pnon+Nom+Verb+Pres+Cop+A3sg	114
64	Noun+A3sg+Pnon+Nom+Adj+Without+Noun+Ness+A3sg+P3sg+Loc	112
65	Noun+A3sg+Pnon+Nom+Adj+Without+Verb+Become+Verb+Caus+Pos+Fut+A3sg	110
66	Adj+Noun+A3sg+Pnon+Nom+Adj+Without+Noun+A3pl+P3sg+Nom	108
67	Noun+A3sg+Pnon+Nom+Adj+Without+Noun+A3sg+Pnon+Apos+Dat	108
68	Noun+A3sg+Pnon+Nom+Adj+Without+Verb+Become+Verb+Caus+Pos+Adv+ByDoingSo	105
69	Noun+A3sg+Pnon+Nom+Adj+Without+Verb+Become+Verb+Caus+Pos+Past+A3sg	103
70	Noun+A3sg+Pnon+Nom+Adj+Without+Noun+Ness+A3pl+P3sg+Acc	102
71	Noun+A3sg+Pnon+Nom+Adj+Without+Noun+Ness+A3sg+P3sg+Ins	102
72	Noun+A3sg+Pnon+Nom+Adj+Without+Verb+Become+Verb+Caus+Pos+Aor+A3sg	90
73	Noun+A3sg+Pnon+Nom+Adj+Without+Noun+A3sg+Pnon+Ins	88
74	Noun+A3sg+Pnon+Nom+Adj+Without+Verb+Become+Pos+Fut+A3sg	88
75	Noun+A3sg+Pnon+Nom+Adj+Without+Verb+Become+Pos+Noun+PastPart+A3sg+P3sg+Acc	81
76	Noun+A3sg+Pnon+Nom+Adj+Without+Verb+Become+Pos+Narr+A3sg+Cop+A3sg	78
77	Noun+A3sg+Pnon+Nom+Adj+Without+Verb+Become+Verb+Caus+Pos+Noun+Agt+A3sg+Pnon+Nom	78
78	Adj+Noun+A3sg+Pnon+Nom+Adj+Without+Noun+Ness+A3sg+Pnon+Nom	77
79	Noun+A3sg+Pnon+Nom+Adj+Without+Verb+Become+Verb+Caus+Pos+Adj+PastPart+P3sg	74
80	Noun+A3sg+Pnon+Nom+Adj+Without+Verb+Become+Verb+Caus+Pos+Noun+Inf2+A3sg+Pnon+Acc	74
81	Noun+A3sg+Pnon+Nom+Adj+Without+Verb+Become+Verb+Caus+Pos+Noun+PastPart+A3sg+P3sg+Acc	73
82	Noun+A3sg+Pnon+Nom+Adj+Without+Noun+A3pl+Pnon+Loc	72
83	Noun+NoHats+A3sg+Pnon+Nom+Adj+Without+Noun+A3pl+Pnon+Nom	72
84	Noun+A3sg+Pnon+Nom+Adj+Without+Noun+A3pl+P3sg+Dat	69
85	Noun+A3sg+Pnon+Nom+Adj+Without+Noun+A3sg+P3sg+Acc	68
86	Noun+A3sg+Pnon+Nom+Adj+Without+Verb+Become+Verb+Caus+Pos+Narr+A3sg	67
87	Noun+A3sg+Pnon+Nom+Adj+Without+Verb+Become+Pos+Noun+Inf2+A3sg+Pnon+Dat	66
88	Adj+Noun+A3sg+Pnon+Nom+Adj+Without+Noun+A3pl+Pnon+Nom	64
89	Noun+A3sg+Pnon+Nom+Adj+Without+Verb+Become+Verb+Caus+Pos+Noun+Inf2+A3sg+Pnon+Gen	63
90	Noun+A3sg+Pnon+Nom+Adj+Without+Noun+A3pl+P1pl+Dat	61
91	Noun+A3sg+Pnon+Nom+Adj+Without+Noun+A3sg+Pnon+Apos+Acc	61
92	Noun+A3sg+Pnon+Nom+Adj+Without+Verb+Become+Pos+Noun+Inf2+A3sg+P3sg+Dat	59
93	Noun+A3sg+Pnon+Nom+Adj+Without+Noun+Ness+A3pl+Pnon+Gen	58
94	Noun+NoHats+A3sg+Pnon+Nom+Adj+Without+Verb+Become+Pos+Aor+A3sg	58
95	Noun+NoHats+A3sg+Pnon+Nom+Adj+Without+Verb+Become+Pos+Prog1+A3sg	58
96	Noun+A3sg+Pnon+Nom+Adj+Without+Noun+Ness+A3sg+P1sg+Acc	57
97	Noun+A3sg+Pnon+Nom+Adj+Without+Verb+Become+Pos+Noun+Inf2+A3sg+Pnon+Gen	56
98	Noun+A3sg+Pnon+Nom+Adj+Without+Noun+A3pl+Pnon+Nom+Verb+Past+A3sg	53
99	Noun+A3sg+Pnon+Nom+Adj+Without+Verb+Become+Verb+Caus+Verb+Pass+Pos+Past+A3sg	52
100	Noun+A3sg+Pnon+Nom+Adj+Without+Noun+Ness+A3sg+P1pl+Nom	51
101	Noun+A3sg+Pnon+Nom+Adj+Without+Noun+Ness+A3sg+P1sg+Nom	51
102	Noun+A3sg+Pnon+Nom+Adj+Without+Noun+A3sg+P3sg+Abl	50
103	Noun+A3sg+Pnon+Nom+Adj+Without+Noun+Ness+A3pl+P3sg+Gen	50
104	Noun+A3sg+Pnon+Nom+Adj+Without+Verb+Become+Verb+Able+Pos+Aor+A3sg	50
105	Noun+Prop+A3sg+Pnon+Nom+Adj+Without+Noun+Ness+A3sg+Pnon+Nom	50
106	Noun+A3sg+Pnon+Nom+Adj+Without+Noun+A3pl+P3sg+Gen	49
107	Noun+A3sg+Pnon+Nom+Adj+Without+Noun+A3pl+Pnon+Nom+Verb+Pres+Cop+A3sg	49
108	Noun+NoHats+A3sg+Pnon+Nom+Adj+Without+Noun+A3sg+Pnon+Gen	48
109	Noun+A3sg+Pnon+Nom+Adj+Without+Noun+A3pl+P3sg+Abl	46
110	Noun+A3sg+Pnon+Nom+Adj+Without+Verb+Cond+A1sg	45
111	Noun+A3sg+Pnon+Nom+Adj+Without+Verb+Become+Verb+Caus+Verb+Pass+Pos+Adj+PresPart	44
112	Noun+Prop+A3sg+Pnon+Nom+Adj+Without+Verb+Pres+Cop+A3sg	43
113	Noun+A3sg+Pnon+Nom+Adj+Without+Verb+Become+Verb+Caus+Verb+Pass+Pos+Noun+Inf2+A3sg+P3sg+Dat	41
114	Noun+A3sg+Pnon+Nom+Adj+Without+Verb+Cond+A2sg	40
115	Noun+A3sg+Pnon+Nom+Adj+Without+Noun+A3sg+P1pl+Nom	39
116	Noun+A3sg+Pnon+Nom+Adj+Without+Verb+Become+Verb+Caus+Verb+Pass+Pos+Noun+Inf2+A3sg+P3sg+Gen	39
117	Noun+A3sg+Pnon+Nom+Adj+Without+Noun+Ness+A3pl+Pnon+Dat	37
118	Noun+A3sg+Pnon+Nom+Adj+Without+Noun+Ness+A3pl+Pnon+Ins	37
119	Noun+Prop+A3sg+Pnon+Nom+Adj+Without+Noun+A3pl+Pnon+Nom	37
120	Noun+A3sg+Pnon+Nom+Adj+Without+Noun+Ness+A3sg+P3sg+Nom+Verb+Pres+Cop+A3sg	36
121	Noun+A3sg+Pnon+Nom+Adj+Without+Noun+Ness+A3sg+P1pl+Gen	35
122	Noun+A3sg+Pnon+Nom+Adj+Without+Verb+Become+Pos+Fut+A3sg+Cop+A3sg	35
123	Adj+Noun+A3sg+Pnon+Nom+Adj+Without+Noun+A3sg+P3sg+Nom	34
124	Noun+A3sg+Pnon+Nom+Adj+Without+Noun+A3sg+P3sg+Ins	34
125	Noun+A3sg+Pnon+Nom+Adj+Without+Verb+Become+Verb+Caus+Pos+Noun+Inf2+A3sg+P3sg+Nom	34
126	Adj+Noun+A3sg+Pnon+Nom+Adj+Without+Noun+Ness+A3sg+P3sg+Nom	33
127	Noun+A3sg+Pnon+Nom+Adj+Without+Verb+Become+Verb+Caus+Pos+Adj+FutPart+P3sg	33
128	Adj+Noun+A3sg+Pnon+Nom+Adj+Without+Noun+Ness+A3sg+Pnon+Dat	32
129	Noun+Prop+A3sg+Pnon+Nom+Adj+Without+Noun+A3sg+Pnon+Dat	32
130	Noun+A3sg+Pnon+Nom+Adj+Without+Verb+Pres+A2sg+Cop+A3sg	31
131	Noun+NoHats+A3sg+Pnon+Nom+Adj+Without+Verb+Become+Pos+Past+A3sg	31
132	Noun+Prop+A3sg+Pnon+Nom+Adj+Without+Verb+Past+A3sg	31
133	Noun+A3sg+Pnon+Nom+Adj+Without+Noun+A3sg+P3sg+Gen	30
134	Noun+A3sg+Pnon+Nom+Adj+Without+Noun+A3sg+Pnon+Nom+Adj+With+Noun+Ness+A3sg+P3sg+Nom	30
135	Noun+A3sg+Pnon+Nom+Adj+Without+Verb+Become+Verb+Caus+Verb+Pass+Pos+Adj+PastPart+P3sg	30
136	Noun+A3sg+Pnon+Nom+Adj+Without+Verb+Past+A2sg	30
137	Noun+NoHats+A3sg+Pnon+Nom+Adj+Without+Verb+Pres+A1sg	30
138	Noun+NoHats+A3sg+Pnon+Nom+Adj+Without+Verb+Pres+A2sg	30
139	Verb+Pos+Noun+Inf2+A3sg+Pnon+Nom+Adj+Without+Noun+Ness+A3sg+Pnon+Nom	30
140	Noun+A3sg+Pnon+Nom+Adj+Without+Verb+Become+Pos+Noun+Inf2+A3sg+P3sg+Acc	29
141	Noun+A3sg+Pnon+Nom+Adj+Without+Verb+Become+Pos+Noun+Inf2+A3sg+P3sg+Abl	28
142	Noun+Prop+A3sg+Pnon+Nom+Adj+Without+Noun+A3sg+P3sg+Nom	28
143	Noun+A3sg+Pnon+Nom+Adj+Without+Noun+A3pl+P3sg+Acc	27
144	Noun+A3sg+Pnon+Nom+Adj+Without+Noun+A3sg+Pnon+Apos+Abl	27
145	Noun+A3sg+Pnon+Nom+Adj+Without+Verb+Become+Verb+Caus+Verb+Pass+Pos+Noun+Inf2+A3sg+P3sg+Acc	27
146	Noun+NoHats+A3sg+Pnon+Nom+Adj+Without+Noun+Ness+A3sg+Pnon+Nom	27
147	Noun+NoHats+A3sg+Pnon+Nom+Adj+Without+Verb+Cond+A3sg	27
148	Noun+A3sg+Pnon+Nom+Adj+Without+Verb+Become+Verb+Caus+Verb+Pass+Pos+Fut+A3sg	26
149	Noun+A3sg+Pnon+Nom+Adj+Without+Verb+Become+Verb+Caus+Verb+Pass+Pos+Prog1+A3sg	26
150	Noun+A3sg+Pnon+Nom+Adj+Without+Verb+Pres+A1sg+Cop+A3sg	26
151	Noun+A3sg+Pnon+Nom+Adj+Without+Noun+A3sg+Pnon+Nom+Adj+With	25
152	Noun+A3sg+Pnon+Nom+Adj+Without+Noun+Ness+A3pl+P3sg+Dat	25
153	Noun+A3sg+Pnon+Nom+Adj+Without+Verb+Become+Pos+Adv+AfterDoingSo	25
154	Noun+A3sg+Pnon+Nom+Adj+Without+Verb+Become+Pos+Aor+A3sg+Adv+While	25
155	Noun+A3sg+Pnon+Nom+Adj+Without+Verb+Become+Verb+Caus+Pos+Noun+FutPart+A3sg+P3sg+Acc	25
156	Noun+NoHats+A3sg+Pnon+Nom+Adj+Without+Verb+Become+Verb+Caus+Pos+Prog1+A3sg	25
157	Noun+NoHats+A3sg+Pnon+Nom+Adj+Without+Verb+Past+A1sg	25
158	Noun+A3sg+Pnon+Nom+Adj+Without+Noun+A3pl+P1pl+Gen	24
159	Noun+A3sg+Pnon+Nom+Adj+Without+Noun+A3pl+Pnon+Apos+Dat	24
160	Noun+A3sg+Pnon+Nom+Adj+Without+Noun+A3sg+Pnon+Nom+Adj+With+Noun+A3pl+Pnon+Gen	24
161	Noun+A3sg+Pnon+Nom+Adj+Without+Noun+Ness+A3sg+P1pl+Acc	24
162	Noun+A3sg+Pnon+Nom+Adj+Without+Verb+Become+Pos+Prog2+A3sg	24
163	Noun+A3sg+Pnon+Nom+Adj+Without+Verb+Become+Pos+Noun+Inf2+A3sg+P3sg+Gen	23
164	Noun+A3sg+Pnon+Nom+Adj+Without+Verb+Become+Verb+Caus+Pos+Adv+AfterDoingSo	23
165	Noun+A3sg+Pnon+Nom+Adj+Without+Noun+A3pl+P1pl+Nom	22
166	Noun+A3sg+Pnon+Nom+Adj+Without+Noun+A3sg+Pnon+Apos+Loc	22
167	Noun+A3sg+Pnon+Nom+Adj+Without+Noun+Ness+A3pl+P3sg+Abl	22
168	Noun+A3sg+Pnon+Nom+Adj+Without+Verb+Become+Pos+Adv+ByDoingSo	22
169	Noun+A3sg+Pnon+Nom+Adj+Without+Verb+Become+Pos+Narr+Past+A3sg	22
170	Noun+A3sg+Pnon+Nom+Adj+Without+Verb+Become+Pos+Noun+FutPart+A3sg+P3sg+Acc	22
171	Noun+A3sg+Pnon+Nom+Adj+Without+Verb+Become+Verb+Caus+Verb+Pass+Pos+Noun+Inf1+A3sg+Pnon+Nom	22
172	Noun+A3sg+Pnon+Nom+Adj+Without+Verb+Cond+A1pl	22
173	Noun+NoHats+A3sg+Pnon+Nom+Adj+Without+Verb+Become+Verb+Caus+Pos+Adj+PresPart	22
174	Noun+NoHats+A3sg+Pnon+Nom+Adj+Without+Verb+Narr+A3sg	22
175	Noun+A3sg+Pnon+Nom+Adj+Without+Noun+A3pl+Pnon+Nom+Verb+Cond+A3sg	21
176	Noun+A3sg+Pnon+Nom+Adj+Without+Noun+A3sg+P3sg+Loc	21
177	Noun+A3sg+Pnon+Nom+Adj+Without+Verb+Become+Verb+Caus+Verb+Pass+Pos+Narr+A3sg+Cop+A3sg	21
178	Verb+Pos+Noun+Inf2+A3sg+Pnon+Nom+Adj+Without+Verb+Past+A3sg	21
179	Noun+A3sg+Pnon+Nom+Adj+Without+Noun+A3sg+Pnon+Apos+Ins	20
180	Noun+A3sg+Pnon+Nom+Adj+Without+Noun+Ness+A3sg+P1sg+Gen	20
181	Noun+A3sg+Pnon+Nom+Adj+Without+Verb+Become+Verb+Caus+Verb+Able+Pos+Aor+A3sg	20
182	Noun+A3sg+Pnon+Nom+Adj+Without+Verb+Become+Verb+Caus+Verb+Pass+Pos+Noun+PastPart+A3sg+P3sg+Acc	20
183	Noun+A3sg+Pnon+Nom+Adj+Without+Noun+Ness+A3pl+Pnon+Abl	19
184	Noun+A3sg+Pnon+Nom+Adj+Without+Verb+Become+Pos+Imp+A2sg	19
185	Noun+A3sg+Pnon+Nom+Adj+Without+Verb+Narr+A1pl	19
186	Noun+Prop+A3sg+Pnon+Nom+Adj+Without+Noun+A3sg+Pnon+Gen	19
187	Noun+Prop+A3sg+Pnon+Nom+Adj+Without+Noun+Ness+A3sg+Pnon+Abl	19
188	Noun+A3sg+Pnon+Nom+Adj+Without+Noun+Ness+A3sg+P1sg+Ins	18
189	Noun+A3sg+Pnon+Nom+Adj+Without+Noun+Ness+A3sg+Pnon+Nom+Verb+Cond+A3sg	18
190	Noun+A3sg+Pnon+Nom+Adj+Without+Verb+Become+Pos+Noun+Inf2+A3sg+Pnon+Acc	18
191	Noun+A3sg+Pnon+Nom+Adj+Without+Verb+Become+Verb+Caus+Pos+Noun+PastPart+A3sg+Pnon+Nom	18
192	Noun+A3sg+Pnon+Nom+Adj+Without+Verb+Become+Verb+Caus+Verb+Pass+Pos+Adv+ByDoingSo	18
193	Noun+A3sg+Pnon+Nom+Adj+Without+Verb+Become+Verb+Caus+Verb+Pass+Pos+Noun+Inf2+A3sg+Pnon+Dat	18
194	Noun+A3sg+Pnon+Nom+Adj+Without+Verb+Become+Pos+Adv+AsLongAs	17
195	Noun+A3sg+Pnon+Nom+Adj+Without+Verb+Become+Verb+Caus+Pos+Aor+A3sg+Adv+While	17
196	Noun+A3sg+Pnon+Nom+Adj+Without+Verb+Become+Verb+Caus+Pos+Narr+A2pl	17
197	Noun+A3sg+Pnon+Nom+Adj+Without+Verb+Become+Verb+Caus+Pos+Narr+A3sg+Cop+A3sg	17
198	Verb+Pos+Noun+Inf2+A3sg+Pnon+Nom+Adj+Without+Adj+AsIf	17
199	Noun+A3sg+Pnon+Nom+Adj+Without+Noun+A3pl+Pnon+Apos+Acc	16
200	Noun+A3sg+Pnon+Nom+Adj+Without+Verb+Become+Pos+Adj+FutPart+P3sg	16
201	Noun+A3sg+Pnon+Nom+Adj+Without+Verb+Become+Verb+Caus+Pos+Noun+Inf1+A3sg+Pnon+Nom+Verb+Past+A3sg	16
202	Noun+A3sg+Pnon+Nom+Adj+Without+Verb+Become+Verb+Caus+Pos+Past+A3pl	16
203	Noun+A3sg+Pnon+Nom+Adj+Without+Verb+Become+Verb+Caus+Pos+Prog1+A1pl	16
204	Noun+NoHats+A3sg+Pnon+Nom+Adj+Without+Verb+Become+Pos+Fut+A3sg	16
205	Adj+Noun+A3sg+Pnon+Nom+Adj+Without+Verb+Pres+Cop+A3sg	15
206	Noun+A3sg+Pnon+Nom+Adj+Without+Noun+Ness+A3sg+P2pl+Acc	15
207	Noun+Prop+A3sg+Pnon+Nom+Adj+Without+Noun+Ness+A3sg+Pnon+Gen	15
208	Adj+Noun+A3sg+Pnon+Nom+Adj+Without+Noun+Ness+A3sg+Pnon+Gen	14
209	Noun+A3sg+Pnon+Nom+Adj+Without+Noun+Ness+A3sg+P1pl+Dat	14
210	Noun+A3sg+Pnon+Nom+Adj+Without+Verb+Become+Verb+Caus+Pos+Prog2+A3sg	14
211	Noun+A3sg+Pnon+Nom+Adj+Without+Verb+Become+Verb+Caus+Pos+Prog2+A3sg+Cop+A3sg	14
212	Noun+NoHats+A3sg+Pnon+Nom+Adj+Without+Noun+A3pl+Pnon+Gen	14
213	Noun+NoHats+A3sg+Pnon+Nom+Adj+Without+Verb+Become+Pos+Noun+PastPart+A3sg+P3sg+Acc	14
214	Noun+Prop+A3sg+Pnon+Nom+Adj+Without+Noun+A3sg+P2pl+Nom	14
215	Noun+Prop+A3sg+Pnon+Nom+Adj+Without+Noun+A3sg+Pnon+Ins	14
216	Adj+Noun+A3sg+Pnon+Nom+Adj+Without+Noun+A3sg+Pnon+Loc	13
217	Noun+A3sg+Pnon+Nom+Adj+Without+Noun+A3sg+P1pl+Dat	13
218	Noun+A3sg+Pnon+Nom+Adj+Without+Noun+Ness+A3pl+P3sg+Ins	13
219	Noun+A3sg+Pnon+Nom+Adj+Without+Noun+Ness+A3sg+Pnon+Nom+Verb+Past+A3sg	13
220	Noun+A3sg+Pnon+Nom+Adj+Without+Verb+Become+Pos+Adv+When	13
221	Noun+A3sg+Pnon+Nom+Adj+Without+Verb+Become+Pos+Aor+A3pl	13
222	Noun+A3sg+Pnon+Nom+Adj+Without+Verb+Become+Pos+Noun+Inf2+A3pl+P3sg+Dat	13
223	Noun+A3sg+Pnon+Nom+Adj+Without+Verb+Become+Pos+Noun+PastPart+A3sg+P3sg+Dat	13
224	Noun+A3sg+Pnon+Nom+Adj+Without+Verb+Become+Verb+Caus+Verb+Pass+Neg+Noun+PastPart+A3sg+P3sg+Dat	13
225	Noun+A3sg+Pnon+Nom+Adj+Without+Verb+Pres+A2pl+Cop+A3sg	13
226	Noun+NoHats+A3sg+Pnon+Nom+Adj+Without+Verb+Adv+While	13
227	Noun+NoHats+A3sg+Pnon+Nom+Adj+Without+Verb+Become+Verb+Caus+Neg+Adj+PastPart+P3sg	13
228	Noun+Prop+A3sg+Pnon+Nom+Adj+Without+Noun+Ness+A3sg+P3sg+Nom	13
229	Adj+Noun+A3sg+Pnon+Nom+Adj+Without+Noun+A3sg+Pnon+Gen	12
230	Adj+Noun+A3sg+Pnon+Nom+Adj+Without+Noun+Ness+A3sg+Pnon+Nom+Verb+Pres+Cop+A3sg	12
231	Noun+A3sg+Pnon+Nom+Adj+Without+Verb+Become+Pos+Noun+Inf1+A3sg+Pnon+Nom	12
232	Noun+A3sg+Pnon+Nom+Adj+Without+Verb+Become+Pos+Prog1+Past+A3sg	12
233	Noun+A3sg+Pnon+Nom+Adj+Without+Verb+Become+Pos+Prog2+A3sg+Cop+A3sg	12
234	Noun+A3sg+Pnon+Nom+Adj+Without+Verb+Become+Verb+Caus+Pos+Imp+A2pl	12
235	Noun+A3sg+Pnon+Nom+Adj+Without+Verb+Become+Verb+Caus+Pos+Narr+A3pl+Cop+A3sg	12
236	Noun+A3sg+Pnon+Nom+Adj+Without+Verb+Become+Verb+Caus+Pos+Prog1+Past+A3sg	12
237	Noun+A3sg+Pnon+Nom+Adj+Without+Verb+Become+Verb+Caus+Verb+Pass+Pos+Noun+Inf2+A3sg+Pnon+Nom	12
238	Noun+A3sg+Pnon+Nom+Adj+Without+Verb+Narr+A1sg	12
239	Noun+Prop+A3sg+Pnon+Nom+Adj+Without+Noun+Ness+A3sg+Pnon+Dat	12
240	Adj+Noun+A3sg+Pnon+Nom+Adj+Without+Noun+A3pl+P3sg+Acc	11
241	Adj+Noun+A3sg+Pnon+Nom+Adj+Without+Noun+A3sg+Pnon+Dat	11
242	Adj+Noun+A3sg+Pnon+Nom+Adj+Without+Noun+Ness+A3sg+P3sg+Acc	11
243	Noun+A3sg+Pnon+Nom+Adj+Without+Noun+A3sg+P2pl+Nom	11
244	Noun+A3sg+Pnon+Nom+Adj+Without+Noun+Ness+A3sg+P1sg+Abl	11
245	Noun+A3sg+Pnon+Nom+Adj+Without+Noun+Ness+A3sg+P1sg+Loc	11
246	Noun+A3sg+Pnon+Nom+Adj+Without+Noun+Ness+A3sg+P2pl+Nom	11
247	Noun+A3sg+Pnon+Nom+Adj+Without+Noun+Ness+A3sg+Pnon+Loc+Adj+Rel	11
248	Noun+A3sg+Pnon+Nom+Adj+Without+Verb+Become+Pos+Past+A3pl	11
249	Noun+A3sg+Pnon+Nom+Adj+Without+Verb+Become+Verb+Caus+Pos+Noun+Inf1+A3sg+Pnon+Abl	11
250	Noun+A3sg+Pnon+Nom+Adj+Without+Verb+Past+A2pl	11
251	Noun+NoHats+A3sg+Pnon+Nom+Adj+Without+Verb+Become+Pos+Adj+PastPart+P3sg	11
252	Noun+NoHats+A3sg+Pnon+Nom+Adj+Without+Verb+Become+Pos+Fut+A3sg+Cop+A3sg	11
253	Noun+NoHats+A3sg+Pnon+Nom+Adj+Without+Verb+Become+Pos+Prog2+A3sg+Cop+A3sg	11
254	Noun+NoHats+A3sg+Pnon+Nom+Adj+Without+Verb+Become+Verb+Able+Pos+Aor+A3sg	11
255	Noun+Prop+A3sg+Pnon+Nom+Adj+Without+Noun+A3pl+Pnon+Gen	11
256	Noun+Prop+A3sg+Pnon+Nom+Adj+Without+Verb+Adv+While	11
257	Verb+Pos+Noun+Inf3+A3sg+Pnon+Nom+Adj+Without+Noun+Ness+A3sg+Pnon+Nom	11
258	Adj+Noun+A3sg+Pnon+Nom+Adj+Without+Noun+A3pl+P3sg+Gen	10
259	Adj+Noun+A3sg+Pnon+Nom+Adj+Without+Noun+A3pl+Pnon+Gen	10
260	Adj+Noun+A3sg+Pnon+Nom+Adj+Without+Verb+Pres+A1sg	10
261	Noun+A3sg+Pnon+Nom+Adj+Without+Noun+A3sg+P1pl+Gen	10
262	Noun+A3sg+Pnon+Nom+Adj+Without+Noun+A3sg+P3sg+Nom+Verb+Pres+Cop+A3sg	10
263	Noun+A3sg+Pnon+Nom+Adj+Without+Noun+A3sg+Pnon+Nom+Adj+Without	10
264	Noun+A3sg+Pnon+Nom+Adj+Without+Noun+Ness+A3sg+P1sg+Dat	10
265	Noun+A3sg+Pnon+Nom+Adj+Without+Verb+Become+Pos+Noun+PastPart+A3sg+P3sg+Gen	10
266	Noun+A3sg+Pnon+Nom+Adj+Without+Verb+Become+Verb+Caus+Pos+Adj+PastPart+P2pl	10
267	Noun+A3sg+Pnon+Nom+Adj+Without+Verb+Become+Verb+Caus+Pos+Fut+A3sg+Cop+A3sg	10
268	Noun+A3sg+Pnon+Nom+Adj+Without+Verb+Become+Verb+Caus+Pos+Imp+A2sg	10
269	Noun+A3sg+Pnon+Nom+Adj+Without+Verb+Become+Verb+Caus+Pos+Narr+Past+A3sg	10
270	Noun+A3sg+Pnon+Nom+Adj+Without+Verb+Become+Verb+Caus+Pos+Noun+Inf2+A3pl+P3sg+Acc	10
271	Noun+A3sg+Pnon+Nom+Adj+Without+Verb+Become+Verb+Caus+Verb+Able+Pos+Fut+A3sg	10
272	Noun+NoHats+A3sg+Pnon+Nom+Adj+Without+Verb+Become+Verb+Caus+Pos+Past+A3sg	10
273	Noun+Prop+A3sg+Pnon+Nom+Adj+Without+Verb+Pres+A1pl	10
274	Adj+Noun+Ness+A3sg+Pnon+Nom+Adj+Without+Verb+Pres+Cop+A3sg	9
275	Noun+A3sg+Pnon+Nom+Adj+Without+Noun+A3sg+Pnon+Nom+Adj+Without+Noun+Ness+A3sg+Pnon+Nom	9
276	Noun+A3sg+Pnon+Nom+Adj+Without+Noun+Ness+A3pl+Pnon+Loc	9
277	Noun+A3sg+Pnon+Nom+Adj+Without+Noun+Ness+A3sg+P1pl+Abl	9
278	Noun+A3sg+Pnon+Nom+Adj+Without+Noun+Ness+A3sg+P3sg+Loc+Adj+Rel	9
279	Noun+A3sg+Pnon+Nom+Adj+Without+Verb+Become+Neg+Imp+A3sg	9
280	Noun+A3sg+Pnon+Nom+Adj+Without+Verb+Become+Pos+Aor+Cond+A3sg	9
281	Noun+A3sg+Pnon+Nom+Adj+Without+Verb+Become+Pos+Noun+Inf2+A3sg+Pnon+Abl	9
282	Noun+A3sg+Pnon+Nom+Adj+Without+Verb+Become+Pos+Noun+PastPart+A3sg+P3sg+Loc	9
283	Noun+A3sg+Pnon+Nom+Adj+Without+Verb+Become+Verb+Caus+Neg+Opt+A1pl	9
284	Noun+A3sg+Pnon+Nom+Adj+Without+Verb+Become+Verb+Caus+Pos+Noun+Inf1+A3sg+Pnon+Nom+Verb+Pres+Cop+A3sg	9
285	Noun+A3sg+Pnon+Nom+Adj+Without+Verb+Become+Verb+Caus+Verb+Pass+Pos+Prog2+A3sg+Cop+A3sg	9
286	Noun+A3sg+Pnon+Nom+Adj+Without+Verb+Narr+A2sg	9
287	Noun+NoHats+A3sg+Pnon+Nom+Adj+Without+Noun+A3pl+P3sg+Nom	9
288	Noun+NoHats+A3sg+Pnon+Nom+Adj+Without+Noun+A3pl+Pnon+Dat	9
289	Noun+NoHats+A3sg+Pnon+Nom+Adj+Without+Noun+A3sg+Pnon+Loc	9
290	Noun+Prop+A3sg+Pnon+Nom+Adj+Without+Adj+AsIf	9
291	Noun+Prop+A3sg+Pnon+Nom+Adj+Without+Noun+A3pl+Pnon+Dat	9
292	Verb+Pos+Noun+Inf2+A3sg+Pnon+Nom+Adj+Without+Verb+Pres+Cop+A3pl	9
293	Verb+Pos+Noun+Inf3+A3sg+Pnon+Nom+Adj+Without+Noun+Ness+A3sg+P3sg+Nom	9
294	Verb+Pos+Noun+Inf3+A3sg+Pnon+Nom+Adj+Without+Verb+Pres+Cop+A3sg	9
295	Adj+Noun+A3sg+Pnon+Nom+Adj+Without+Noun+Ness+A3pl+P3sg+Nom	8
296	Noun+A3sg+Pnon+Nom+Adj+Without+Noun+A3sg+P3sg+Nom+Verb+Adv+While	8
297	Noun+A3sg+Pnon+Nom+Adj+Without+Noun+A3sg+Pnon+Nom+Adj+With+Noun+Ness+A3sg+Pnon+Nom	8
298	Noun+A3sg+Pnon+Nom+Adj+Without+Noun+Ness+A3pl+P3sg+Loc	8
299	Noun+A3sg+Pnon+Nom+Adj+Without+Noun+Ness+A3sg+P3sg+Nom+Verb+Past+A3sg	8
300	Noun+A3sg+Pnon+Nom+Adj+Without+Noun+Ness+A3sg+Pnon+Nom+Verb+Narr+A3sg	8
301	Noun+A3sg+Pnon+Nom+Adj+Without+Verb+Become+Pos+Prog1+A1pl	8
302	Noun+A3sg+Pnon+Nom+Adj+Without+Verb+Become+Verb+Caus+Pos+Fut+A1pl	8
303	Noun+A3sg+Pnon+Nom+Adj+Without+Verb+Become+Verb+Caus+Pos+Past+A2pl	8
304	Noun+A3sg+Pnon+Nom+Adj+Without+Verb+Become+Verb+Caus+Verb+Pass+Pos+Aor+A3sg	8
305	Noun+NoHats+A3sg+Pnon+Nom+Adj+Without+Verb+Become+Pos+Narr+A3sg	8
306	Noun+NoHats+A3sg+Pnon+Nom+Adj+Without+Verb+Become+Verb+Caus+Pos+Fut+A3sg	8
307	Noun+Prop+A3sg+Pnon+Nom+Adj+Without+Noun+A3pl+P3sg+Nom	8
308	Noun+Prop+A3sg+Pnon+Nom+Adj+Without+Verb+Pres+A1sg	8
309	Adj+Noun+A3sg+Pnon+Nom+Adj+Without+Noun+Ness+A3sg+Pnon+Abl	7
310	Noun+A3sg+Pnon+Nom+Adj+Without+Noun+A3pl+P3sg+Ins	7
311	Noun+A3sg+Pnon+Nom+Adj+Without+Noun+A3pl+Pnon+Nom+Verb+Narr+A3sg	7
312	Noun+A3sg+Pnon+Nom+Adj+Without+Noun+A3sg+Pnon+Nom+Adj+With+Noun+A3pl+P3sg+Nom	7
313	Noun+A3sg+Pnon+Nom+Adj+Without+Noun+Ness+A3sg+P1pl+Ins	7
314	Noun+A3sg+Pnon+Nom+Adj+Without+Verb+Become+Pos+Noun+Inf1+A3sg+Pnon+Nom+Verb+Pres+Cop+A3sg	7
315	Noun+A3sg+Pnon+Nom+Adj+Without+Verb+Become+Pos+Prog1+A1sg	7
316	Noun+A3sg+Pnon+Nom+Adj+Without+Verb+Become+Verb+Caus+Pos+Noun+Inf1+A3sg+Pnon+Ins	7
317	Noun+A3sg+Pnon+Nom+Adj+Without+Verb+Become+Verb+Caus+Verb+Pass+Pos+Noun+Inf2+A3pl+P3sg+Nom	7
318	Noun+A3sg+Pnon+Nom+Adj+Without+Verb+Become+Verb+Caus+Verb+Pass+Pos+Noun+Inf2+A3sg+P3sg+Abl	7
319	Noun+NoHats+A3sg+Pnon+Nom+Adj+Without+Noun+A3pl+Pnon+Abl	7
320	Noun+NoHats+A3sg+Pnon+Nom+Adj+Without+Noun+Ness+A3sg+Pnon+Abl	7
321	Noun+NoHats+A3sg+Pnon+Nom+Adj+Without+Verb+Become+Pos+Narr+A3sg+Cop+A3sg	7
322	Noun+Prop+A3sg+Pnon+Nom+Adj+Without+Noun+Ness+A3sg+Pnon+Ins	7
323	Verb+Pos+Noun+FutPart+A3sg+Pnon+Nom+Adj+Without+Noun+A3sg+Pnon+Gen	7
324	Verb+Pos+Noun+Inf2+A3sg+Pnon+Nom+Adj+Without+Noun+A3sg+Pnon+Gen	7
325	Verb+Pos+Noun+Inf3+A3sg+Pnon+Nom+Adj+Without+Noun+Ness+A3sg+P3sg+Acc	7
326	Verb+Pos+Noun+Inf3+A3sg+Pnon+Nom+Adj+Without+Noun+Ness+A3sg+Pnon+Dat	7
327	Verb+Pos+Noun+Inf3+A3sg+Pnon+Nom+Adj+Without+Noun+Ness+A3sg+Pnon+Gen	7
328	Verb+Verb+Pass+Pos+Noun+Inf2+A3sg+Pnon+Nom+Adj+Without+Verb+Pres+Cop+A3sg	7
329	Adj+Noun+A3sg+Pnon+Nom+Adj+Without+Noun+A3pl+P3sg+Dat	6
330	Adj+Noun+A3sg+Pnon+Nom+Adj+Without+Noun+Ness+A3sg+P3sg+Gen	6
331	Adj+Noun+A3sg+Pnon+Nom+Adj+Without+Verb+Narr+A3sg	6
332	Noun+A3sg+Pnon+Nom+Adj+Without+Noun+A3pl+Pnon+Apos+Abl	6
333	Noun+A3sg+Pnon+Nom+Adj+Without+Noun+A3pl+Pnon+Apos+Ins	6
334	Noun+A3sg+Pnon+Nom+Adj+Without+Noun+A3pl+Pnon+Equ	6
335	Noun+A3sg+Pnon+Nom+Adj+Without+Noun+A3sg+Pnon+Nom+Adj+With+Noun+Ness+A3sg+Pnon+Dat	6
336	Noun+A3sg+Pnon+Nom+Adj+Without+Noun+Ness+A3sg+P2pl+Abl	6
337	Noun+A3sg+Pnon+Nom+Adj+Without+Noun+Ness+A3sg+Pnon+Apos+Abl	6
338	Noun+A3sg+Pnon+Nom+Adj+Without+Verb+Become+Pos+Narr+A3sg+Adv+While	6
339	Noun+A3sg+Pnon+Nom+Adj+Without+Verb+Become+Pos+Noun+Inf2+A3sg+P3sg+Ins	6
340	Noun+A3sg+Pnon+Nom+Adj+Without+Verb+Become+Pos+Noun+Inf2+A3sg+P3sg+Nom+Verb+Pres+Cop+A3sg	6
341	Noun+A3sg+Pnon+Nom+Adj+Without+Verb+Become+Pos+Noun+PastPart+A3sg+Pnon+Nom	6
342	Noun+A3sg+Pnon+Nom+Adj+Without+Verb+Become+Verb+Able+Pos+Adj+FutPart+P3sg	6
343	Noun+A3sg+Pnon+Nom+Adj+Without+Verb+Become+Verb+Caus+Pos+Noun+Inf2+A3sg+Pnon+Nom+Adj+With	6
344	Noun+A3sg+Pnon+Nom+Adj+Without+Verb+Become+Verb+Caus+Pos+Opt+A1pl	6
345	Noun+A3sg+Pnon+Nom+Adj+Without+Verb+Become+Verb+Caus+Verb+Able+Pos+Noun+FutPart+A3sg+P3sg+Acc	6
346	Noun+A3sg+Pnon+Nom+Adj+Without+Verb+Become+Verb+Caus+Verb+Pass+Pos+Adj+FutPart+P3sg	6
347	Noun+A3sg+Pnon+Nom+Adj+Without+Verb+Become+Verb+Caus+Verb+Pass+Pos+Adv+AfterDoingSo	6
348	Noun+A3sg+Pnon+Nom+Adj+Without+Verb+Become+Verb+Caus+Verb+Pass+Pos+Fut+A3sg+Cop+A3sg	6
349	Noun+A3sg+Pnon+Nom+Adj+Without+Verb+Become+Verb+Caus+Verb+Pass+Pos+Noun+Inf2+A3sg+P3sg+Loc	6
350	Noun+NoHats+A3sg+Pnon+Nom+Adj+Without+Adj+AsIf	6
351	Noun+NoHats+A3sg+Pnon+Nom+Adj+Without+Noun+A3sg+Pnon+Abl	6
352	Noun+NoHats+A3sg+Pnon+Nom+Adj+Without+Noun+A3sg+Pnon+Nom+Adj+With+Noun+A3pl+Pnon+Abl	6
353	Noun+NoHats+A3sg+Pnon+Nom+Adj+Without+Verb+Become+Pos+Prog1+A1sg	6
354	Noun+NoHats+A3sg+Pnon+Nom+Adj+Without+Verb+Cond+A2pl	6
355	Noun+Prop+A3sg+Pnon+Nom+Adj+Without+Noun+A3sg+P3sg+Acc	6
356	Noun+Prop+A3sg+Pnon+Nom+Adj+Without+Verb+Become+Pos+Noun+Inf2+A3sg+Pnon+Nom	6
357	Verb+Pos+Noun+FutPart+A3sg+Pnon+Nom+Adj+Without+Noun+A3sg+P2pl+Nom	6
358	Adj+Noun+A3sg+Pnon+Nom+Adj+Without+Noun+A3pl+Pnon+Dat	5
359	Adj+Noun+A3sg+Pnon+Nom+Adj+Without+Noun+Ness+A3pl+Pnon+Nom	5
360	Adj+Noun+A3sg+Pnon+Nom+Adj+Without+Noun+Ness+A3sg+P3sg+Abl	5
361	Adj+Noun+A3sg+Pnon+Nom+Adj+Without+Verb+Pres+A2sg	5
362	Adj+Noun+Ness+A3sg+Pnon+Nom+Adj+Without+Noun+Ness+A3sg+Pnon+Nom	5
363	Noun+A3sg+Pnon+Nom+Adj+Without+Noun+A3pl+Pnon+Apos+Loc+Adj+Rel	5
364	Noun+A3sg+Pnon+Nom+Adj+Without+Noun+A3sg+Pnon+Apos+Loc+Adj+Rel	5
365	Noun+A3sg+Pnon+Nom+Adj+Without+Noun+Ness+A3sg+P3sg+Apos+Gen	5
366	Noun+A3sg+Pnon+Nom+Adj+Without+Verb+Become+Pos+Aor+Past+A3sg	5
367	Noun+A3sg+Pnon+Nom+Adj+Without+Verb+Become+Pos+Noun+Inf1+A3sg+Pnon+Abl	5
368	Noun+A3sg+Pnon+Nom+Adj+Without+Verb+Become+Pos+Noun+Inf2+A3sg+Pnon+Nom+Verb+Pres+Cop+A3sg	5
369	Noun+A3sg+Pnon+Nom+Adj+Without+Verb+Become+Verb+Caus+Pos+Noun+FutPart+A3pl+P3sg+Acc	5
370	Noun+A3sg+Pnon+Nom+Adj+Without+Verb+Become+Verb+Caus+Pos+Noun+Inf2+A3sg+P2pl+Nom	5
371	Noun+A3sg+Pnon+Nom+Adj+Without+Verb+Become+Verb+Caus+Pos+Noun+Inf2+A3sg+Pnon+Abl	5
372	Noun+A3sg+Pnon+Nom+Adj+Without+Verb+Become+Verb+Caus+Pos+Noun+PastPart+A3sg+Pnon+Abl	5
373	Noun+A3sg+Pnon+Nom+Adj+Without+Verb+Become+Verb+Caus+Pos+Past+A1sg	5
374	Noun+A3sg+Pnon+Nom+Adj+Without+Verb+Become+Verb+Caus+Pos+Prog1+A2pl	5
375	Noun+A3sg+Pnon+Nom+Adj+Without+Verb+Become+Verb+Caus+Verb+Pass+Pos+Adj+PresPart+Noun+A3pl+Pnon+Gen	5
376	Noun+A3sg+Pnon+Nom+Adj+Without+Verb+Become+Verb+Caus+Verb+Pass+Pos+Noun+FutPart+A3sg+P3sg+Acc	5
377	Noun+A3sg+Pnon+Nom+Adj+Without+Verb+Become+Verb+Caus+Verb+Pass+Pos+Noun+Inf2+A3sg+P3sg+Ins	5
378	Noun+A3sg+Pnon+Nom+Adj+Without+Verb+Become+Verb+Caus+Verb+Pass+Pos+Noun+Inf2+A3sg+Pnon+Nom+Adj+With	5
379	Noun+NoHats+A3sg+Pnon+Nom+Adj+Without+Noun+A3sg+P1sg+Nom+Verb+Pres+A2sg	5
380	Noun+NoHats+A3sg+Pnon+Nom+Adj+Without+Verb+Become+Pos+Noun+Inf2+A3sg+Pnon+Dat	5
381	Noun+NoHats+A3sg+Pnon+Nom+Adj+Without+Verb+Become+Verb+Caus+Pos+Aor+A3sg	5
382	Noun+NoHats+A3sg+Pnon+Nom+Adj+Without+Verb+Become+Verb+Caus+Pos+Noun+PastPart+A3sg+P3sg+Acc	5
383	Noun+NoHats+A3sg+Pnon+Nom+Adj+Without+Verb+Become+Verb+Caus+Pos+Prog2+A3sg+Cop+A3sg	5
384	Noun+Prop+A3sg+Pnon+Nom+Adj+Without+Noun+A3pl+Pnon+Abl	5
385	Noun+Prop+A3sg+Pnon+Nom+Adj+Without+Noun+A3pl+Pnon+Ins	5
386	Noun+Prop+A3sg+Pnon+Nom+Adj+Without+Verb+Become+Verb+Caus+Pos+Noun+Inf2+A3sg+Pnon+Nom	5
387	Verb+Pos+Noun+Inf2+A3sg+Pnon+Nom+Adj+Without+Noun+A3pl+Pnon+Nom	5
388	Verb+Pos+Noun+Inf2+A3sg+Pnon+Nom+Adj+Without+Noun+Ness+A3sg+Pnon+Gen	5
389	Noun+A3sg+Pnon+Nom+Adj+Without+Noun+A3pl+P1pl+Acc	4
390	Noun+A3sg+Pnon+Nom+Adj+Without+Noun+A3sg+P3sg+Nom+Verb+Past+A3sg	4
391	Noun+A3sg+Pnon+Nom+Adj+Without+Noun+A3sg+Pnon+Loc+Adj+Rel	4
392	Noun+A3sg+Pnon+Nom+Adj+Without+Verb+Become+Pos+Aor+A1sg	4
393	Noun+A3sg+Pnon+Nom+Adj+Without+Verb+Become+Pos+Fut+A1pl	4
394	Noun+A3sg+Pnon+Nom+Adj+Without+Verb+Become+Pos+Fut+Past+A3sg	4
395	Noun+A3sg+Pnon+Nom+Adj+Without+Verb+Become+Pos+Noun+Inf2+A3sg+P3sg+Loc	4
396	Noun+A3sg+Pnon+Nom+Adj+Without+Verb+Become+Pos+Noun+Inf2+A3sg+Pnon+Ins	4
397	Noun+A3sg+Pnon+Nom+Adj+Without+Verb+Become+Pos+Prog1+A3pl	4
398	Noun+A3sg+Pnon+Nom+Adj+Without+Verb+Become+Verb+Able+Pos+Aor+A3pl	4
399	Noun+A3sg+Pnon+Nom+Adj+Without+Verb+Become+Verb+Able+Pos+Noun+FutPart+A3sg+P3sg+Acc	4
400	Noun+A3sg+Pnon+Nom+Adj+Without+Verb+Become+Verb+Able+Pos+Prog1+A3sg	4
401	Noun+A3sg+Pnon+Nom+Adj+Without+Verb+Become+Verb+Caus+Neg+Noun+FutPart+A3sg+P3sg+Acc	4
402	Noun+A3sg+Pnon+Nom+Adj+Without+Verb+Become+Verb+Caus+Pos+Noun+Inf2+A3sg+Pnon+Loc	4
403	Noun+A3sg+Pnon+Nom+Adj+Without+Verb+Become+Verb+Caus+Verb+Able+Pos+Aor+A2pl	4
404	Noun+A3sg+Pnon+Nom+Adj+Without+Verb+Become+Verb+Caus+Verb+Pass+Neg+Noun+Inf2+A3sg+P3sg+Nom	4
405	Noun+A3sg+Pnon+Nom+Adj+Without+Verb+Become+Verb+Caus+Verb+Pass+Pos+Noun+Inf2+A3sg+P3sg+Nom+Verb+Pres+Cop+A3sg	4
406	Noun+NoHats+A3sg+Pnon+Nom+Adj+Without+Noun+A3sg+Pnon+Apos+Acc	4
407	Noun+NoHats+A3sg+Pnon+Nom+Adj+Without+Verb+Become+Pos+Adj+PresPart	4
408	Noun+NoHats+A3sg+Pnon+Nom+Adj+Without+Verb+Become+Pos+Adv+When	4
409	Noun+NoHats+A3sg+Pnon+Nom+Adj+Without+Verb+Become+Pos+Noun+Inf2+A3sg+P3sg+Nom	4
410	Noun+NoHats+A3sg+Pnon+Nom+Adj+Without+Verb+Become+Verb+Caus+Pos+Noun+Inf1+A3sg+Pnon+Nom	4
411	Noun+Prop+A3sg+Pnon+Nom+Adj+Without+Noun+Ness+A3pl+Pnon+Dat	4
412	Verb+Pos+Noun+Inf2+A3sg+Pnon+Nom+Adj+Without+Noun+A3sg+P3sg+Nom	4
413	Verb+Pos+Noun+Inf2+A3sg+Pnon+Nom+Adj+Without+Noun+Ness+A3pl+Pnon+Gen	4
414	Verb+Pos+Noun+Inf3+A3sg+Pnon+Nom+Adj+Without+Verb+Cond+A3sg	4
415	Adj+Noun+A3sg+Pnon+Nom+Adj+Without+Adj+AsIf	3
416	Adj+Noun+A3sg+Pnon+Nom+Adj+Without+Noun+A3pl+P3sg+Abl	3
417	Adj+Noun+A3sg+Pnon+Nom+Adj+Without+Noun+A3pl+Pnon+Ins	3
418	Adj+Noun+A3sg+Pnon+Nom+Adj+Without+Noun+A3sg+P3sg+Acc	3
419	Adj+Noun+A3sg+Pnon+Nom+Adj+Without+Noun+A3sg+P3sg+Gen	3
420	Adj+Noun+A3sg+Pnon+Nom+Adj+Without+Noun+Ness+A3pl+P3sg+Acc	3
421	Adj+Noun+A3sg+Pnon+Nom+Adj+Without+Noun+Ness+A3sg+P3sg+Ins	3
422	Adj+Noun+A3sg+Pnon+Nom+Adj+Without+Verb+Become+Neg+Narr+A3sg	3
423	Adj+Noun+A3sg+Pnon+Nom+Adj+Without+Verb+Become+Pos+Adj+PresPart	3
424	Adj+Noun+A3sg+Pnon+Nom+Adj+Without+Verb+Become+Pos+Prog1+A3sg	3
425	Adj+Noun+A3sg+Pnon+Nom+Adj+Without+Verb+Become+Verb+Caus+Pos+Adj+PastPart+P3sg	3
426	Adj+Noun+A3sg+Pnon+Nom+Adj+Without+Verb+Become+Verb+Caus+Pos+Noun+Inf2+A3sg+Pnon+Nom	3
427	Adj+Noun+A3sg+Pnon+Nom+Adj+Without+Verb+Cond+A3sg	3
428	Adj+Noun+A3sg+Pnon+Nom+Adj+Without+Verb+Past+A3sg	3
429	Adj+Noun+A3sg+Pnon+Nom+Adj+Without+Verb+Pres+A1pl	3
430	Adj+Noun+Ness+A3sg+Pnon+Nom+Adj+Without+Noun+Ness+A3sg+Pnon+Gen	3
431	Noun+A3pl+Pnon+Nom+Adj+Without+Noun+A3sg+Pnon+Dat	3
432	Noun+A3pl+Pnon+Nom+Adj+Without+Noun+A3sg+Pnon+Gen	3
433	Noun+A3sg+Pnon+Nom+Adj+Without+Noun+A3pl+P3sg+Loc	3
434	Noun+A3sg+Pnon+Nom+Adj+Without+Noun+A3pl+Pnon+Dat+Verb+Pres+Cop+A3sg	3
435	Noun+A3sg+Pnon+Nom+Adj+Without+Noun+A3sg+P1pl+Acc	3
436	Noun+A3sg+Pnon+Nom+Adj+Without+Noun+A3sg+P3sg+Nom+Verb+Pres+A1sg	3
437	Noun+A3sg+Pnon+Nom+Adj+Without+Noun+A3sg+Pnon+Nom+Adj+With+Noun+A3pl+P3sg+Dat	3
438	Noun+A3sg+Pnon+Nom+Adj+Without+Noun+A3sg+Pnon+Nom+Adj+With+Noun+A3pl+Pnon+Nom	3
439	Noun+A3sg+Pnon+Nom+Adj+Without+Noun+A3sg+Pnon+Nom+Adj+With+Noun+A3sg+Pnon+Acc	3
440	Noun+A3sg+Pnon+Nom+Adj+Without+Noun+A3sg+Pnon+Nom+Adj+With+Noun+A3sg+Pnon+Dat	3
441	Noun+A3sg+Pnon+Nom+Adj+Without+Noun+A3sg+Pnon+Nom+Adj+With+Noun+Ness+A3sg+Pnon+Nom+Verb+Pres+Cop+A3sg	3
442	Noun+A3sg+Pnon+Nom+Adj+Without+Noun+Ness+A3pl+P1sg+Nom	3
443	Noun+A3sg+Pnon+Nom+Adj+Without+Noun+Ness+A3sg+P2pl+Gen	3
444	Noun+A3sg+Pnon+Nom+Adj+Without+Noun+Ness+A3sg+P3sg+Apos+Acc	3
445	Noun+A3sg+Pnon+Nom+Adj+Without+Noun+Ness+A3sg+Pnon+Apos+Gen	3
446	Noun+A3sg+Pnon+Nom+Adj+Without+Verb+Become+Pos+Adj+PastPart+P3pl	3
447	Noun+A3sg+Pnon+Nom+Adj+Without+Verb+Become+Pos+Adj+PresPart+Noun+A3pl+Pnon+Nom	3
448	Noun+A3sg+Pnon+Nom+Adj+Without+Verb+Become+Pos+Fut+A3pl	3
449	Noun+A3sg+Pnon+Nom+Adj+Without+Verb+Become+Pos+Past+A1sg	3
450	Noun+A3sg+Pnon+Nom+Adj+Without+Verb+Become+Pos+Prog1+A2pl	3
451	Noun+A3sg+Pnon+Nom+Adj+Without+Verb+Become+Verb+Caus+Neg+Prog1+A3sg	3
452	Noun+A3sg+Pnon+Nom+Adj+Without+Verb+Become+Verb+Caus+Pos+Adj+PresPart+Noun+A3pl+Pnon+Gen	3
453	Noun+A3sg+Pnon+Nom+Adj+Without+Verb+Become+Verb+Caus+Pos+Aor+Cond+A3sg	3
454	Noun+A3sg+Pnon+Nom+Adj+Without+Verb+Become+Verb+Caus+Pos+Noun+Inf2+A3pl+P3sg+Nom	3
455	Noun+A3sg+Pnon+Nom+Adj+Without+Verb+Become+Verb+Caus+Pos+Noun+Inf2+A3pl+Pnon+Dat	3
456	Noun+A3sg+Pnon+Nom+Adj+Without+Verb+Become+Verb+Caus+Pos+Noun+Inf2+A3sg+P3sg+Acc	3
457	Noun+A3sg+Pnon+Nom+Adj+Without+Verb+Become+Verb+Caus+Pos+Noun+Inf2+A3sg+P3sg+Nom+Verb+Pres+Cop+A3sg	3
458	Noun+A3sg+Pnon+Nom+Adj+Without+Verb+Become+Verb+Caus+Pos+Noun+Inf2+A3sg+Pnon+Ins	3
459	Noun+A3sg+Pnon+Nom+Adj+Without+Verb+Become+Verb+Caus+Pos+Noun+Inf2+A3sg+Pnon+Nom+Verb+Pres+Cop+A3sg	3
460	Noun+A3sg+Pnon+Nom+Adj+Without+Verb+Become+Verb+Caus+Pos+Noun+PastPart+A3pl+P3sg+Acc	3
461	Noun+A3sg+Pnon+Nom+Adj+Without+Verb+Become+Verb+Caus+Pos+Noun+PastPart+A3sg+P1sg+Acc	3
462	Noun+A3sg+Pnon+Nom+Adj+Without+Verb+Become+Verb+Caus+Pos+Noun+PastPart+A3sg+P3sg+Dat	3
463	Noun+A3sg+Pnon+Nom+Adj+Without+Verb+Become+Verb+Caus+Pos+Noun+PastPart+A3sg+Pnon+Gen	3
464	Noun+A3sg+Pnon+Nom+Adj+Without+Verb+Become+Verb+Caus+Pos+Prog1+A3pl	3
465	Noun+A3sg+Pnon+Nom+Adj+Without+Verb+Become+Verb+Caus+Verb+Able+Neg+Aor+A3sg	3
466	Noun+A3sg+Pnon+Nom+Adj+Without+Verb+Become+Verb+Caus+Verb+Able+Pos+Adj+FutPart+P3sg	3
467	Noun+A3sg+Pnon+Nom+Adj+Without+Verb+Become+Verb+Caus+Verb+Able+Pos+Noun+FutPart+A3sg+P3sg+Abl	3
468	Noun+A3sg+Pnon+Nom+Adj+Without+Verb+Become+Verb+Caus+Verb+Pass+Pos+Prog1+A3pl	3
469	Noun+A3sg+Pnon+Nom+Adj+Without+Verb+Become+Verb+Caus+Verb+Pass+Verb+Able+Pos+Aor+A3sg	3
470	Noun+A3sg+Pnon+Nom+Adj+Without+Verb+Narr+A3pl	3
471	Noun+A3sg+Pnon+Nom+Adj+Without+Verb+Narr+A3sg+Adv+AsIf	3
472	Noun+NoHats+A3sg+Pnon+Nom+Adj+Without+Noun+A3sg+Pnon+Nom+Adj+With+Noun+A3pl+Pnon+Nom	3
473	Noun+NoHats+A3sg+Pnon+Nom+Adj+Without+Verb+Become+Pos+Aor+A3pl	3
474	Noun+NoHats+A3sg+Pnon+Nom+Adj+Without+Verb+Become+Verb+Caus+Pos+Narr+Past+A3sg	3
475	Noun+NoHats+A3sg+Pnon+Nom+Adj+Without+Verb+Become+Verb+Caus+Verb+Able+Pos+Aor+A3sg	3
476	Noun+Prop+A3sg+Pnon+Nom+Adj+Without+Noun+A3sg+Pnon+Abl	3
477	Noun+Prop+A3sg+Pnon+Nom+Adj+Without+Verb+Become+Pos+Noun+Inf2+A3sg+P3sg+Nom	3
478	Noun+Prop+A3sg+Pnon+Nom+Adj+Without+Verb+Pres+A2sg	3
479	Noun+Prop+A3sg+Pnon+Nom+Adj+Without+Verb+Pres+Cop+A3pl	3
480	Verb+Pos+Noun+Inf2+A3sg+Pnon+Nom+Adj+Without+Noun+A3pl+Pnon+Gen	3
481	Verb+Pos+Noun+Inf2+A3sg+Pnon+Nom+Adj+Without+Noun+Ness+A3sg+P3sg+Nom	3
482	Verb+Pos+Noun+Inf2+A3sg+Pnon+Nom+Adj+Without+Verb+Adv+While	3
483	Verb+Pos+Noun+Inf2+A3sg+Pnon+Nom+Adj+Without+Verb+Cond+A3sg	3
484	Verb+Pos+Noun+Inf2+A3sg+Pnon+Nom+Adj+Without+Verb+Past+A1sg	3
485	Verb+Pos+Noun+Inf2+A3sg+Pnon+Nom+Adj+Without+Verb+Pres+A1sg	3
486	Verb+Pos+Noun+Inf3+A3sg+Pnon+Nom+Adj+Without+Noun+Ness+A3pl+P3sg+Nom	3
487	Adj+Noun+A3sg+Pnon+Nom+Adj+Without+Noun+A3pl+P3sg+Apos+Acc	2
488	Adj+Noun+A3sg+Pnon+Nom+Adj+Without+Noun+A3pl+P3sg+Apos+Gen	2
489	Adj+Noun+A3sg+Pnon+Nom+Adj+Without+Noun+A3sg+P2pl+Nom	2
490	Adj+Noun+A3sg+Pnon+Nom+Adj+Without+Noun+A3sg+P3sg+Abl	2
491	Adj+Noun+A3sg+Pnon+Nom+Adj+Without+Noun+A3sg+Pnon+Ins	2
492	Adj+Noun+A3sg+Pnon+Nom+Adj+Without+Noun+Ness+A3pl+Pnon+Dat	2
493	Adj+Noun+A3sg+Pnon+Nom+Adj+Without+Noun+Ness+A3pl+Pnon+Gen	2
494	Adj+Noun+A3sg+Pnon+Nom+Adj+Without+Noun+Ness+A3sg+P1sg+Acc	2
495	Adj+Noun+A3sg+Pnon+Nom+Adj+Without+Noun+Ness+A3sg+Pnon+Ins	2
496	Adj+Noun+A3sg+Pnon+Nom+Adj+Without+Noun+Ness+A3sg+Pnon+Loc	2
497	Adj+Noun+A3sg+Pnon+Nom+Adj+Without+Verb+Adv+While	2
498	Adj+Noun+A3sg+Pnon+Nom+Adj+Without+Verb+Become+Pos+Adj+PastPart+P3sg	2
499	Adj+Noun+A3sg+Pnon+Nom+Adj+Without+Verb+Become+Pos+Aor+A3sg	2
500	Adj+Noun+A3sg+Pnon+Nom+Adj+Without+Verb+Become+Pos+Noun+Inf2+A3sg+Pnon+Nom	2
501	Adj+Noun+A3sg+Pnon+Nom+Adj+Without+Verb+Become+Verb+Caus+Pos+Noun+Inf1+A3sg+Pnon+Nom	2
502	Adj+Noun+A3sg+Pnon+Nom+Adj+Without+Verb+Pres+A1sg+Cop+A3sg	2
503	Adj+Noun+Ness+A3sg+Pnon+Nom+Adj+Without+Noun+Ness+A3pl+Pnon+Gen	2
504	Adj+Noun+Ness+A3sg+Pnon+Nom+Adj+Without+Noun+Ness+A3pl+Pnon+Nom	2
505	Adj+Noun+Ness+A3sg+Pnon+Nom+Adj+Without+Noun+Ness+A3sg+P3sg+Nom	2
506	Adj+Noun+Ness+A3sg+Pnon+Nom+Adj+Without+Noun+Ness+A3sg+Pnon+Abl	2
507	Noun+A3sg+Pnon+Nom+Adj+With+Noun+A3sg+Pnon+Nom+Adj+Without+Noun+Ness+A3sg+P3sg+Gen	2
508	Noun+A3sg+Pnon+Nom+Adj+With+Noun+A3sg+Pnon+Nom+Adj+Without+Noun+Ness+A3sg+Pnon+Gen	2
509	Noun+A3sg+Pnon+Nom+Adj+Without+Noun+A3pl+P1pl+Ins	2
510	Noun+A3sg+Pnon+Nom+Adj+Without+Noun+A3pl+P1sg+Acc	2
511	Noun+A3sg+Pnon+Nom+Adj+Without+Noun+A3pl+Pnon+Apos+Loc	2
512	Noun+A3sg+Pnon+Nom+Adj+Without+Noun+A3pl+Pnon+Nom+Verb+Pres+Cop+A3pl	2
513	Noun+A3sg+Pnon+Nom+Adj+Without+Noun+A3sg+P1sg+Loc	2
514	Noun+A3sg+Pnon+Nom+Adj+Without+Noun+A3sg+P1sg+Nom+Verb+Pres+A2sg	2
515	Noun+A3sg+Pnon+Nom+Adj+Without+Noun+A3sg+Pnon+Apos+Gen+Pron+Rel+A3sg+Pnon+Nom	2
516	Noun+A3sg+Pnon+Nom+Adj+Without+Noun+A3sg+Pnon+Loc+Verb+Pres+A1pl	2
517	Noun+A3sg+Pnon+Nom+Adj+Without+Noun+A3sg+Pnon+Nom+Adj+With+Noun+A3pl+P3sg+Acc	2
518	Noun+A3sg+Pnon+Nom+Adj+Without+Noun+A3sg+Pnon+Nom+Adj+With+Noun+A3pl+Pnon+Dat	2
519	Noun+A3sg+Pnon+Nom+Adj+Without+Noun+A3sg+Pnon+Nom+Adj+With+Noun+A3sg+P2sg+Abl	2
520	Noun+A3sg+Pnon+Nom+Adj+Without+Noun+A3sg+Pnon+Nom+Adj+With+Noun+A3sg+P2sg+Nom	2
521	Noun+A3sg+Pnon+Nom+Adj+Without+Noun+Ness+A3pl+P1sg+Acc	2
522	Noun+A3sg+Pnon+Nom+Adj+Without+Noun+Ness+A3pl+P2pl+Nom	2
523	Noun+A3sg+Pnon+Nom+Adj+Without+Noun+Ness+A3pl+Pnon+Nom+Verb+Pres+Cop+A3sg	2
524	Noun+A3sg+Pnon+Nom+Adj+Without+Noun+Ness+A3sg+P3sg+Abl+Verb+Pres+Cop+A3sg	2
525	Noun+A3sg+Pnon+Nom+Adj+Without+Noun+Ness+A3sg+Pnon+Apos+Acc	2
526	Noun+A3sg+Pnon+Nom+Adj+Without+Noun+Ness+A3sg+Pnon+Nom+Noun+Ness+A3sg+P3sg+Nom	2
527	Noun+A3sg+Pnon+Nom+Adj+Without+Noun+Ness+A3sg+Pnon+Nom+Noun+Ness+A3sg+Pnon+Abl	2
528	Noun+A3sg+Pnon+Nom+Adj+Without+Verb+Become+Neg+Narr+Past+A3sg	2
529	Noun+A3sg+Pnon+Nom+Adj+Without+Verb+Become+Neg+Noun+Inf1+A3sg+Pnon+Nom	2
530	Noun+A3sg+Pnon+Nom+Adj+Without+Verb+Become+Neg+Prog1+A3sg	2
531	Noun+A3sg+Pnon+Nom+Adj+Without+Verb+Become+Pos+Adj+PastPart+P1pl	2
532	Noun+A3sg+Pnon+Nom+Adj+Without+Verb+Become+Pos+Aor+A1pl	2
533	Noun+A3sg+Pnon+Nom+Adj+Without+Verb+Become+Pos+Aor+A2sg	2
534	Noun+A3sg+Pnon+Nom+Adj+Without+Verb+Become+Pos+Imp+A3sg	2
535	Noun+A3sg+Pnon+Nom+Adj+Without+Verb+Become+Pos+Noun+FutPart+A3sg+P3sg+Abl	2
536	Noun+A3sg+Pnon+Nom+Adj+Without+Verb+Become+Pos+Noun+Inf2+A3pl+P3sg+Nom	2
537	Noun+A3sg+Pnon+Nom+Adj+Without+Verb+Become+Pos+Noun+Inf2+A3pl+Pnon+Nom	2
538	Noun+A3sg+Pnon+Nom+Adj+Without+Verb+Become+Pos+Noun+Inf2+A3sg+Pnon+Apos+Gen	2
539	Noun+A3sg+Pnon+Nom+Adj+Without+Verb+Become+Pos+Noun+PastPart+A3sg+P3sg+Abl	2
540	Noun+A3sg+Pnon+Nom+Adj+Without+Verb+Become+Pos+Opt+A1pl	2
541	Noun+A3sg+Pnon+Nom+Adj+Without+Verb+Become+Pos+Past+A2pl	2
542	Noun+A3sg+Pnon+Nom+Adj+Without+Verb+Become+Pos+Past+A2sg	2
543	Noun+A3sg+Pnon+Nom+Adj+Without+Verb+Become+Pos+Prog1+Narr+A3sg	2
544	Noun+A3sg+Pnon+Nom+Adj+Without+Verb+Become+Pos+Prog1+Past+A1sg	2
545	Noun+A3sg+Pnon+Nom+Adj+Without+Verb+Become+Verb+Able+Pos+Adj+PresPart	2
546	Noun+A3sg+Pnon+Nom+Adj+Without+Verb+Become+Verb+Caus+Neg+Fut+A3sg	2
547	Noun+A3sg+Pnon+Nom+Adj+Without+Verb+Become+Verb+Caus+Neg+Noun+Inf2+A3sg+P3sg+Nom	2
548	Noun+A3sg+Pnon+Nom+Adj+Without+Verb+Become+Verb+Caus+Pos+Adj+PastPart+P1sg	2
549	Noun+A3sg+Pnon+Nom+Adj+Without+Verb+Become+Verb+Caus+Pos+Adj+PastPart+P3pl	2
550	Noun+A3sg+Pnon+Nom+Adj+Without+Verb+Become+Verb+Caus+Pos+Aor+A1sg	2
551	Noun+A3sg+Pnon+Nom+Adj+Without+Verb+Become+Verb+Caus+Pos+Aor+A3pl	2
552	Noun+A3sg+Pnon+Nom+Adj+Without+Verb+Become+Verb+Caus+Pos+Desr+Past+A2pl	2
553	Noun+A3sg+Pnon+Nom+Adj+Without+Verb+Become+Verb+Caus+Pos+Fut+A3pl	2
554	Noun+A3sg+Pnon+Nom+Adj+Without+Verb+Become+Verb+Caus+Pos+Noun+FutPart+A3sg+P3sg+Dat	2
555	Noun+A3sg+Pnon+Nom+Adj+Without+Verb+Become+Verb+Caus+Pos+Noun+Inf2+A3sg+P3sg+Gen	2
556	Noun+A3sg+Pnon+Nom+Adj+Without+Verb+Become+Verb+Caus+Pos+Noun+Inf2+A3sg+P3sg+Ins	2
557	Noun+A3sg+Pnon+Nom+Adj+Without+Verb+Become+Verb+Caus+Pos+Prog1+A1sg	2
558	Noun+A3sg+Pnon+Nom+Adj+Without+Verb+Become+Verb+Caus+Verb+Able+Neg+Desr+A3sg	2
559	Noun+A3sg+Pnon+Nom+Adj+Without+Verb+Become+Verb+Caus+Verb+Able+Pos+Prog1+A3sg	2
560	Noun+A3sg+Pnon+Nom+Adj+Without+Verb+Become+Verb+Caus+Verb+Pass+Pos+Adv+AsLongAs	2
561	Noun+A3sg+Pnon+Nom+Adj+Without+Verb+Become+Verb+Caus+Verb+Pass+Pos+Adv+When	2
562	Noun+A3sg+Pnon+Nom+Adj+Without+Verb+Become+Verb+Caus+Verb+Pass+Pos+Aor+A3sg+Adv+While	2
563	Noun+A3sg+Pnon+Nom+Adj+Without+Verb+Become+Verb+Caus+Verb+Pass+Pos+Fut+A3pl	2
564	Noun+A3sg+Pnon+Nom+Adj+Without+Verb+Become+Verb+Caus+Verb+Pass+Pos+Narr+A3pl	2
565	Noun+A3sg+Pnon+Nom+Adj+Without+Verb+Become+Verb+Caus+Verb+Pass+Pos+Narr+A3pl+Cop+A3sg	2
566	Noun+A3sg+Pnon+Nom+Adj+Without+Verb+Become+Verb+Caus+Verb+Pass+Pos+Narr+Past+A3sg	2
567	Noun+A3sg+Pnon+Nom+Adj+Without+Verb+Become+Verb+Caus+Verb+Pass+Pos+Noun+Inf2+A3sg+P3sg+Apos+Acc	2
568	Noun+A3sg+Pnon+Nom+Adj+Without+Verb+Become+Verb+Caus+Verb+Pass+Pos+Noun+Inf2+A3sg+P3sg+Nom+Verb+Past+A3sg	2
569	Noun+A3sg+Pnon+Nom+Adj+Without+Verb+Become+Verb+Caus+Verb+Pass+Pos+Noun+PastPart+A3pl+P3sg+Acc	2
570	Noun+A3sg+Pnon+Nom+Adj+Without+Verb+Become+Verb+Caus+Verb+Pass+Pos+Noun+PastPart+A3sg+Pnon+Abl	2
571	Noun+A3sg+Pnon+Nom+Adj+Without+Verb+Become+Verb+Caus+Verb+Pass+Pos+Prog1+Past+A3sg	2
572	Noun+A3sg+Pnon+Nom+Adj+Without+Verb+Become+Verb+Caus+Verb+Pass+Verb+Able+Neg+Aor+A3sg	2
573	Noun+A3sg+Pnon+Nom+Adj+Without+Verb+Become+Verb+Caus+Verb+Pass+Verb+Able+Pos+Aor+Past+A3sg	2
574	Noun+A3sg+Pnon+Nom+Adj+Without+Verb+Narr+A2pl	2
575	Noun+A3sg+Pnon+Nom+Adj+Without+Verb+Pres+A1pl+Cop+A3sg	2
576	Noun+A3sg+Pnon+Nom+Noun+Agt+A3sg+Pnon+Nom+Adj+Without+Noun+Ness+A3sg+Pnon+Abl	2
577	Noun+A3sg+Pnon+Nom+Noun+Agt+A3sg+Pnon+Nom+Adj+Without+Verb+Become+Verb+Caus+Pos+Noun+Inf2+A3sg+Pnon+Acc	2
578	Noun+A3sg+Pnon+Nom+Noun+Ness+A3sg+Pnon+Nom+Adj+Without+Noun+Ness+A3sg+Pnon+Nom	2
579	Noun+NoHats+A3sg+Pnon+Nom+Adj+Without+Noun+A3sg+P1sg+Dat	2
580	Noun+NoHats+A3sg+Pnon+Nom+Adj+Without+Noun+A3sg+Pnon+Ins	2
581	Noun+NoHats+A3sg+Pnon+Nom+Adj+Without+Noun+Ness+A3sg+P3sg+Nom	2
582	Noun+NoHats+A3sg+Pnon+Nom+Adj+Without+Noun+Ness+A3sg+Pnon+Ins	2
583	Noun+NoHats+A3sg+Pnon+Nom+Adj+Without+Verb+Become+Pos+Adj+FutPart+P3sg	2
584	Noun+NoHats+A3sg+Pnon+Nom+Adj+Without+Verb+Become+Pos+Adv+AfterDoingSo	2
585	Noun+NoHats+A3sg+Pnon+Nom+Adj+Without+Verb+Become+Pos+Aor+Past+A3sg	2
586	Noun+NoHats+A3sg+Pnon+Nom+Adj+Without+Verb+Become+Pos+Narr+Cond+A3sg	2
587	Noun+NoHats+A3sg+Pnon+Nom+Adj+Without+Verb+Become+Pos+Noun+FutPart+A3sg+P3sg+Acc	2
588	Noun+NoHats+A3sg+Pnon+Nom+Adj+Without+Verb+Become+Pos+Noun+Inf2+A3sg+Pnon+Nom	2
589	Noun+NoHats+A3sg+Pnon+Nom+Adj+Without+Verb+Become+Pos+Past+A1sg	2
590	Noun+NoHats+A3sg+Pnon+Nom+Adj+Without+Verb+Become+Pos+Prog1+Past+A3sg	2
591	Noun+NoHats+A3sg+Pnon+Nom+Adj+Without+Verb+Become+Verb+Caus+Pos+Adv+ByDoingSo	2
592	Noun+NoHats+A3sg+Pnon+Nom+Adj+Without+Verb+Become+Verb+Caus+Pos+Imp+A3sg	2
593	Noun+NoHats+A3sg+Pnon+Nom+Adj+Without+Verb+Become+Verb+Caus+Pos+Narr+A3sg	2
594	Noun+NoHats+A3sg+Pnon+Nom+Adj+Without+Verb+Become+Verb+Caus+Pos+Narr+A3sg+Cop+A3sg	2
595	Noun+NoHats+A3sg+Pnon+Nom+Adj+Without+Verb+Become+Verb+Caus+Pos+Noun+FutPart+A3sg+P3sg+Acc	2
596	Noun+NoHats+A3sg+Pnon+Nom+Adj+Without+Verb+Become+Verb+Caus+Pos+Noun+Inf2+A3sg+P3sg+Nom	2
597	Noun+NoHats+A3sg+Pnon+Nom+Adj+Without+Verb+Become+Verb+Caus+Pos+Prog1+A2sg	2
598	Noun+NoHats+A3sg+Pnon+Nom+Adj+Without+Verb+Become+Verb+Caus+Pos+Prog1+A3pl	2
599	Noun+NoHats+A3sg+Pnon+Nom+Adj+Without+Verb+Become+Verb+Caus+Verb+Able+Pos+Fut+A3sg	2
600	Noun+NoHats+A3sg+Pnon+Nom+Adj+Without+Verb+Become+Verb+Caus+Verb+Pass+Pos+Prog1+A3sg	2
601	Noun+NoHats+A3sg+Pnon+Nom+Adj+Without+Verb+Past+A2sg	2
602	Noun+Prop+A3sg+Pnon+Nom+Adj+Without+Noun+A3sg+P3sg+Dat	2
603	Noun+Prop+A3sg+Pnon+Nom+Adj+Without+Noun+A3sg+P3sg+Gen	2
604	Noun+Prop+A3sg+Pnon+Nom+Adj+Without+Noun+A3sg+P3sg+Ins	2
605	Noun+Prop+A3sg+Pnon+Nom+Adj+Without+Noun+Ness+A3sg+P1pl+Nom	2
606	Noun+Prop+A3sg+Pnon+Nom+Adj+Without+Noun+Ness+A3sg+Pnon+Nom+Verb+Pres+Cop+A3sg	2
607	Noun+Prop+A3sg+Pnon+Nom+Adj+Without+Verb+Become+Verb+Caus+Pos+Noun+Inf1+A3sg+Pnon+Nom	2
608	Noun+Prop+A3sg+Pnon+Nom+Adj+Without+Verb+Narr+A3sg	2
609	Noun+Prop+A3sg+Pnon+Nom+Adj+Without+Verb+Pres+A2pl	2
610	Verb+Pos+Noun+Inf2+A3sg+Pnon+Nom+Adj+Without+Noun+A3pl+P3sg+Nom	2
611	Verb+Pos+Noun+Inf2+A3sg+Pnon+Nom+Adj+Without+Noun+A3sg+Pnon+Apos+Acc	2
612	Verb+Pos+Noun+Inf2+A3sg+Pnon+Nom+Adj+Without+Noun+Ness+A3pl+P1sg+Nom	2
613	Verb+Pos+Noun+Inf2+A3sg+Pnon+Nom+Adj+Without+Noun+Ness+A3pl+P3sg+Nom	2
614	Verb+Pos+Noun+Inf2+A3sg+Pnon+Nom+Adj+Without+Noun+Ness+A3sg+P3sg+Gen	2
615	Verb+Pos+Noun+Inf2+A3sg+Pnon+Nom+Adj+Without+Noun+Ness+A3sg+Pnon+Ins	2
616	Verb+Pos+Noun+Inf2+A3sg+Pnon+Nom+Adj+Without+Verb+Past+A3pl	2
617	Verb+Pos+Noun+Inf2+A3sg+Pnon+Nom+Adj+Without+Verb+Pres+A1pl	2
618	Verb+Pos+Noun+Inf3+A3sg+Pnon+Nom+Adj+Without+Noun+Ness+A3pl+P3sg+Acc	2
619	Verb+Pos+Noun+Inf3+A3sg+Pnon+Nom+Adj+Without+Noun+Ness+A3sg+P3sg+Dat	2
620	Verb+Pos+Noun+Inf3+A3sg+Pnon+Nom+Adj+Without+Noun+Ness+A3sg+P3sg+Loc	2
621	Verb+Pos+Noun+Inf3+A3sg+Pnon+Nom+Adj+Without+Verb+Past+A3pl	2
622	Verb+Verb+Pass+Pos+Noun+Inf2+A3sg+Pnon+Nom+Adj+Without+Adj+AsIf	2
623	Verb+Verb+Pass+Pos+Noun+Inf2+A3sg+Pnon+Nom+Adj+Without+Noun+A3sg+Pnon+Gen	2
624	Verb+Verb+Pass+Pos+Noun+Inf2+A3sg+Pnon+Nom+Adj+Without+Noun+Ness+A3sg+P3sg+Nom	2
625	Adj+NoHats+Noun+A3sg+Pnon+Nom+Adj+Without+Noun+Ness+A3sg+P3sg+Nom	1
626	Adj+NoHats+Noun+A3sg+Pnon+Nom+Adj+Without+Noun+Ness+A3sg+Pnon+Abl	1
627	Adj+NoHats+Noun+A3sg+Pnon+Nom+Adj+Without+Noun+Ness+A3sg+Pnon+Nom	1
628	Adj+NoHats+Noun+A3sg+Pnon+Nom+Adj+Without+Verb+Become+Verb+Caus+Verb+Pass+Pos+Noun+Inf2+A3sg+P3sg+Nom	1
629	Adj+NoHats+Noun+A3sg+Pnon+Nom+Adj+Without+Verb+Pres+Cop+A3sg	1
630	Adj+Noun+A3sg+Pnon+Nom+Adj+With+Noun+A3sg+Pnon+Nom+Adj+Without+Noun+Ness+A3pl+Pnon+Gen	1
631	Adj+Noun+A3sg+Pnon+Nom+Adj+Without+Noun+A3pl+P1pl+Nom	1
632	Adj+Noun+A3sg+Pnon+Nom+Adj+Without+Noun+A3pl+P3sg+Loc	1
633	Adj+Noun+A3sg+Pnon+Nom+Adj+Without+Noun+A3pl+Pnon+Abl	1
634	Adj+Noun+A3sg+Pnon+Nom+Adj+Without+Noun+A3pl+Pnon+Abl+Verb+Past+A3sg	1
635	Adj+Noun+A3sg+Pnon+Nom+Adj+Without+Noun+A3pl+Pnon+Nom+Verb+Pres+Cop+A3sg	1
636	Adj+Noun+A3sg+Pnon+Nom+Adj+Without+Noun+A3sg+P2pl+Nom+Verb+Pres+Cop+A3sg	1
637	Adj+Noun+A3sg+Pnon+Nom+Adj+Without+Noun+A3sg+P3sg+Apos+Gen	1
638	Adj+Noun+A3sg+Pnon+Nom+Adj+Without+Noun+A3sg+P3sg+Dat	1
639	Adj+Noun+A3sg+Pnon+Nom+Adj+Without+Noun+A3sg+P3sg+Nom+Verb+Pres+A1sg	1
640	Adj+Noun+A3sg+Pnon+Nom+Adj+Without+Noun+A3sg+Pnon+Apos+Acc	1
641	Adj+Noun+A3sg+Pnon+Nom+Adj+Without+Noun+A3sg+Pnon+Apos+Gen	1
642	Adj+Noun+A3sg+Pnon+Nom+Adj+Without+Noun+A3sg+Pnon+Nom+Adj+With	1
643	Adj+Noun+A3sg+Pnon+Nom+Adj+Without+Noun+Ness+A3pl+P3sg+Dat	1
644	Adj+Noun+A3sg+Pnon+Nom+Adj+Without+Noun+Ness+A3pl+P3sg+Ins	1
645	Adj+Noun+A3sg+Pnon+Nom+Adj+Without+Noun+Ness+A3sg+P1sg+Gen	1
646	Adj+Noun+A3sg+Pnon+Nom+Adj+Without+Noun+Ness+A3sg+P1sg+Nom	1
647	Adj+Noun+A3sg+Pnon+Nom+Adj+Without+Noun+Ness+A3sg+P3sg+Dat	1
648	Adj+Noun+A3sg+Pnon+Nom+Adj+Without+Noun+Ness+A3sg+P3sg+Loc	1
649	Adj+Noun+A3sg+Pnon+Nom+Adj+Without+Noun+Ness+A3sg+Pnon+Nom+Noun+Ness+A3sg+P3sg+Nom	1
650	Adj+Noun+A3sg+Pnon+Nom+Adj+Without+Noun+Ness+A3sg+Pnon+Nom+Verb+Past+A3sg	1
651	Adj+Noun+A3sg+Pnon+Nom+Adj+Without+Verb+Become+Pos+Adv+AfterDoingSo	1
652	Adj+Noun+A3sg+Pnon+Nom+Adj+Without+Verb+Become+Pos+Fut+A3sg	1
653	Adj+Noun+A3sg+Pnon+Nom+Adj+Without+Verb+Become+Pos+Noun+PastPart+A3sg+P1pl+Acc	1
654	Adj+Noun+A3sg+Pnon+Nom+Adj+Without+Verb+Become+Pos+Prog1+A3pl	1
655	Adj+Noun+A3sg+Pnon+Nom+Adj+Without+Verb+Become+Verb+Able+Pos+Adj+PresPart	1
656	Adj+Noun+A3sg+Pnon+Nom+Adj+Without+Verb+Become+Verb+Caus+Pos+Adj+PresPart	1
657	Adj+Noun+A3sg+Pnon+Nom+Adj+Without+Verb+Become+Verb+Caus+Pos+Aor+A3sg	1
658	Adj+Noun+A3sg+Pnon+Nom+Adj+Without+Verb+Become+Verb+Caus+Pos+Fut+A3sg	1
659	Adj+Noun+A3sg+Pnon+Nom+Adj+Without+Verb+Become+Verb+Caus+Pos+Noun+Inf2+A3sg+Pnon+Dat	1
660	Adj+Noun+A3sg+Pnon+Nom+Adj+Without+Verb+Become+Verb+Caus+Pos+Noun+PastPart+A3sg+P3sg+Acc	1
661	Adj+Noun+A3sg+Pnon+Nom+Adj+Without+Verb+Become+Verb+Caus+Pos+Past+A3sg	1
662	Adj+Noun+A3sg+Pnon+Nom+Adj+Without+Verb+Become+Verb+Caus+Pos+Prog2+A3sg	1
663	Adj+Noun+A3sg+Pnon+Nom+Adj+Without+Verb+Become+Verb+Caus+Verb+Pass+Pos+Adj+PresPart	1
664	Adj+Noun+A3sg+Pnon+Nom+Adj+Without+Verb+Become+Verb+Caus+Verb+Pass+Pos+Noun+Inf2+A3sg+P3sg+Nom	1
665	Adj+Noun+A3sg+Pnon+Nom+Adj+Without+Verb+Narr+A1sg	1
666	Adj+Noun+A3sg+Pnon+Nom+Adj+Without+Verb+Pres+Cop+A3pl	1
667	Adj+Noun+Ness+A3sg+Pnon+Nom+Adj+Without+Noun+A3pl+Pnon+Gen	1
668	Adj+Noun+Ness+A3sg+Pnon+Nom+Adj+Without+Noun+A3sg+P3sg+Nom	1
669	Noun+A3pl+Pnon+Nom+Adj+Without+Noun+A3sg+Pnon+Loc	1
670	Noun+A3sg+Pnon+Nom+Adj+With+Noun+A3sg+Pnon+Nom+Adj+Without+Noun+Ness+A3sg+Pnon+Abl	1
671	Noun+A3sg+Pnon+Nom+Adj+With+Noun+A3sg+Pnon+Nom+Adj+Without+Noun+Ness+A3sg+Pnon+Nom	1
672	Noun+A3sg+Pnon+Nom+Adj+Without+Noun+A3pl+P2pl+Acc	1
673	Noun+A3sg+Pnon+Nom+Adj+Without+Noun+A3pl+P2pl+Dat	1
674	Noun+A3sg+Pnon+Nom+Adj+Without+Noun+A3pl+P3sg+Abl+Verb+Past+A3sg	1
675	Noun+A3sg+Pnon+Nom+Adj+Without+Noun+A3pl+P3sg+Nom+Verb+Past+A3pl	1
676	Noun+A3sg+Pnon+Nom+Adj+Without+Noun+A3pl+P3sg+Nom+Verb+Past+A3sg	1
677	Noun+A3sg+Pnon+Nom+Adj+Without+Noun+A3pl+P3sg+Nom+Verb+Pres+Cop+A3sg	1
678	Noun+A3sg+Pnon+Nom+Adj+Without+Noun+A3pl+Pnon+Gen+Pron+Rel+A3sg+Pnon+Nom	1
679	Noun+A3sg+Pnon+Nom+Adj+Without+Noun+A3pl+Pnon+Gen+Verb+Cond+A3sg	1
680	Noun+A3sg+Pnon+Nom+Adj+Without+Noun+A3pl+Pnon+Loc+Verb+Cond+A3sg	1
681	Noun+A3sg+Pnon+Nom+Adj+Without+Noun+A3pl+Pnon+Loc+Verb+Past+A3sg	1
682	Noun+A3sg+Pnon+Nom+Adj+Without+Noun+A3pl+Pnon+Nom+Verb+Past+A1pl	1
683	Noun+A3sg+Pnon+Nom+Adj+Without+Noun+A3pl+Pnon+Nom+Verb+Pres+A1pl	1
684	Noun+A3sg+Pnon+Nom+Adj+Without+Noun+A3sg+P1pl+Ins	1
685	Noun+A3sg+Pnon+Nom+Adj+Without+Noun+A3sg+P1sg+Acc	1
686	Noun+A3sg+Pnon+Nom+Adj+Without+Noun+A3sg+P2pl+Nom+Verb+Pres+Cop+A3sg	1
687	Noun+A3sg+Pnon+Nom+Adj+Without+Noun+A3sg+P3sg+Nom+Verb+Pres+A1pl	1
688	Noun+A3sg+Pnon+Nom+Adj+Without+Noun+A3sg+Pnon+Apos+Gen+Pron+Rel+A3sg+Pnon+Dat	1
689	Noun+A3sg+Pnon+Nom+Adj+Without+Noun+A3sg+Pnon+Apos+Loc+Verb+Past+A3sg	1
690	Noun+A3sg+Pnon+Nom+Adj+Without+Noun+A3sg+Pnon+Gen+Pron+Rel+A3sg+Pnon+Acc	1
691	Noun+A3sg+Pnon+Nom+Adj+Without+Noun+A3sg+Pnon+Gen+Pron+Rel+A3sg+Pnon+Nom	1
692	Noun+A3sg+Pnon+Nom+Adj+Without+Noun+A3sg+Pnon+Gen+Verb+Pres+A1sg	1
693	Noun+A3sg+Pnon+Nom+Adj+Without+Noun+A3sg+Pnon+Nom+Adj+With+Noun+A3pl+P3sg+Abl	1
694	Noun+A3sg+Pnon+Nom+Adj+Without+Noun+A3sg+Pnon+Nom+Adj+With+Noun+A3pl+P3sg+Gen	1
695	Noun+A3sg+Pnon+Nom+Adj+Without+Noun+A3sg+Pnon+Nom+Adj+With+Noun+A3pl+Pnon+Abl	1
696	Noun+A3sg+Pnon+Nom+Adj+Without+Noun+A3sg+Pnon+Nom+Adj+With+Noun+A3pl+Pnon+Ins	1
697	Noun+A3sg+Pnon+Nom+Adj+Without+Noun+A3sg+Pnon+Nom+Adj+With+Noun+A3sg+P1sg+Dat	1
698	Noun+A3sg+Pnon+Nom+Adj+Without+Noun+A3sg+Pnon+Nom+Adj+With+Noun+A3sg+P1sg+Nom	1
699	Noun+A3sg+Pnon+Nom+Adj+Without+Noun+A3sg+Pnon+Nom+Adj+With+Noun+A3sg+P2sg+Dat	1
700	Noun+A3sg+Pnon+Nom+Adj+Without+Noun+A3sg+Pnon+Nom+Adj+With+Noun+Ness+A3pl+P3sg+Acc	1
701	Noun+A3sg+Pnon+Nom+Adj+Without+Noun+A3sg+Pnon+Nom+Adj+With+Noun+Ness+A3sg+P3sg+Acc	1
702	Noun+A3sg+Pnon+Nom+Adj+Without+Noun+A3sg+Pnon+Nom+Adj+With+Noun+Ness+A3sg+P3sg+Dat	1
703	Noun+A3sg+Pnon+Nom+Adj+Without+Noun+A3sg+Pnon+Nom+Adj+With+Noun+Ness+A3sg+P3sg+Gen	1
704	Noun+A3sg+Pnon+Nom+Adj+Without+Noun+A3sg+Pnon+Nom+Adj+With+Noun+Ness+A3sg+Pnon+Gen	1
705	Noun+A3sg+Pnon+Nom+Adj+Without+Noun+A3sg+Pnon+Nom+Adj+With+Verb+Pres+Cop+A3sg	1
706	Noun+A3sg+Pnon+Nom+Adj+Without+Noun+A3sg+Pnon+Nom+Adj+Without+Noun+Ness+A3sg+P1pl+Gen	1
707	Noun+A3sg+Pnon+Nom+Adj+Without+Noun+A3sg+Pnon+Nom+Adj+Without+Noun+Ness+A3sg+Pnon+Gen	1
708	Noun+A3sg+Pnon+Nom+Adj+Without+Noun+Ness+A3pl+P1pl+Dat	1
709	Noun+A3sg+Pnon+Nom+Adj+Without+Noun+Ness+A3pl+P1pl+Gen	1
710	Noun+A3sg+Pnon+Nom+Adj+Without+Noun+Ness+A3pl+P1pl+Nom	1
711	Noun+A3sg+Pnon+Nom+Adj+Without+Noun+Ness+A3pl+P1sg+Ins	1
712	Noun+A3sg+Pnon+Nom+Adj+Without+Noun+Ness+A3pl+P3sg+Nom+Verb+Past+A3sg	1
713	Noun+A3sg+Pnon+Nom+Adj+Without+Noun+Ness+A3sg+P1pl+Abl+Verb+Pres+Cop+A3sg	1
714	Noun+A3sg+Pnon+Nom+Adj+Without+Noun+Ness+A3sg+P1pl+Loc	1
715	Noun+A3sg+Pnon+Nom+Adj+Without+Noun+Ness+A3sg+P1sg+Nom+Verb+Past+A3sg	1
716	Noun+A3sg+Pnon+Nom+Adj+Without+Noun+Ness+A3sg+P2pl+Ins	1
717	Noun+A3sg+Pnon+Nom+Adj+Without+Noun+Ness+A3sg+P3sg+Abl+Verb+Past+A3sg	1
718	Noun+A3sg+Pnon+Nom+Adj+Without+Noun+Ness+A3sg+P3sg+Apos+Abl	1
719	Noun+A3sg+Pnon+Nom+Adj+Without+Noun+Ness+A3sg+P3sg+Apos+Dat	1
720	Noun+A3sg+Pnon+Nom+Adj+Without+Noun+Ness+A3sg+P3sg+Nom+Verb+Narr+A3sg	1
721	Noun+A3sg+Pnon+Nom+Adj+Without+Noun+Ness+A3sg+Pnon+Abl+Verb+Pres+Cop+A3sg	1
722	Noun+A3sg+Pnon+Nom+Adj+Without+Noun+Ness+A3sg+Pnon+Apos+Dat	1
723	Noun+A3sg+Pnon+Nom+Adj+Without+Noun+Ness+A3sg+Pnon+Apos+Ins	1
724	Noun+A3sg+Pnon+Nom+Adj+Without+Noun+Ness+A3sg+Pnon+Apos+Loc+Verb+Past+A3sg	1
725	Noun+A3sg+Pnon+Nom+Adj+Without+Noun+Ness+A3sg+Pnon+Dat+Verb+Past+A3sg	1
726	Noun+A3sg+Pnon+Nom+Adj+Without+Noun+Ness+A3sg+Pnon+Equ	1
727	Noun+A3sg+Pnon+Nom+Adj+Without+Noun+Ness+A3sg+Pnon+Loc+Verb+Pres+Cop+A3pl	1
728	Noun+A3sg+Pnon+Nom+Adj+Without+Noun+Ness+A3sg+Pnon+Nom+Verb+Become+Pos+Adj+PresPart	1
729	Noun+A3sg+Pnon+Nom+Adj+Without+Noun+Ness+A3sg+Pnon+Nom+Verb+Past+A2sg	1
730	Noun+A3sg+Pnon+Nom+Adj+Without+Verb+Become+Neg+Adj+PresPart	1
731	Noun+A3sg+Pnon+Nom+Adj+Without+Verb+Become+Neg+Aor+A3sg	1
732	Noun+A3sg+Pnon+Nom+Adj+Without+Verb+Become+Neg+Fut+A3sg+Cop+A3sg	1
733	Noun+A3sg+Pnon+Nom+Adj+Without+Verb+Become+Neg+Imp+A2pl	1
734	Noun+A3sg+Pnon+Nom+Adj+Without+Verb+Become+Neg+Narr+A3sg	1
735	Noun+A3sg+Pnon+Nom+Adj+Without+Verb+Become+Neg+Noun+Inf2+A3sg+P3sg+Acc	1
736	Noun+A3sg+Pnon+Nom+Adj+Without+Verb+Become+Neg+Noun+Inf2+A3sg+P3sg+Nom	1
737	Noun+A3sg+Pnon+Nom+Adj+Without+Verb+Become+Neg+Noun+Inf2+A3sg+Pnon+Nom+Adj+With	1
738	Noun+A3sg+Pnon+Nom+Adj+Without+Verb+Become+Neg+Opt+A1pl	1
739	Noun+A3sg+Pnon+Nom+Adj+Without+Verb+Become+Neg+Past+A1sg	1
740	Noun+A3sg+Pnon+Nom+Adj+Without+Verb+Become+Neg+Past+A3sg	1
741	Noun+A3sg+Pnon+Nom+Adj+Without+Verb+Become+Pos+Adj+PresPart+Noun+A3sg+P3sg+Nom	1
742	Noun+A3sg+Pnon+Nom+Adj+Without+Verb+Become+Pos+Adj+PresPart+Noun+A3sg+Pnon+Abl	1
743	Noun+A3sg+Pnon+Nom+Adj+Without+Verb+Become+Pos+Aor+A2pl	1
744	Noun+A3sg+Pnon+Nom+Adj+Without+Verb+Become+Pos+Aor+Narr+A3sg	1
745	Noun+A3sg+Pnon+Nom+Adj+Without+Verb+Become+Pos+Desr+A3pl	1
746	Noun+A3sg+Pnon+Nom+Adj+Without+Verb+Become+Pos+Desr+A3sg	1
747	Noun+A3sg+Pnon+Nom+Adj+Without+Verb+Become+Pos+Fut+A1sg	1
748	Noun+A3sg+Pnon+Nom+Adj+Without+Verb+Become+Pos+Fut+A2sg	1
749	Noun+A3sg+Pnon+Nom+Adj+Without+Verb+Become+Pos+Fut+A3pl+Cop+A3sg	1
750	Noun+A3sg+Pnon+Nom+Adj+Without+Verb+Become+Pos+Imp+A2pl	1
751	Noun+A3sg+Pnon+Nom+Adj+Without+Verb+Become+Pos+Narr+A3pl	1
752	Noun+A3sg+Pnon+Nom+Adj+Without+Verb+Become+Pos+Narr+A3pl+Past	1
753	Noun+A3sg+Pnon+Nom+Adj+Without+Verb+Become+Pos+Narr+Cond+A3sg	1
754	Noun+A3sg+Pnon+Nom+Adj+Without+Verb+Become+Pos+Narr+Past+A1pl	1
755	Noun+A3sg+Pnon+Nom+Adj+Without+Verb+Become+Pos+Noun+FeelLike+A3sg+Pnon+Nom	1
756	Noun+A3sg+Pnon+Nom+Adj+Without+Verb+Become+Pos+Noun+FutPart+A3pl+P3sg+Abl	1
757	Noun+A3sg+Pnon+Nom+Adj+Without+Verb+Become+Pos+Noun+FutPart+A3sg+P1pl+Gen	1
758	Noun+A3sg+Pnon+Nom+Adj+Without+Verb+Become+Pos+Noun+FutPart+A3sg+P1sg+Acc	1
759	Noun+A3sg+Pnon+Nom+Adj+Without+Verb+Become+Pos+Noun+FutPart+A3sg+P3sg+Dat	1
760	Noun+A3sg+Pnon+Nom+Adj+Without+Verb+Become+Pos+Noun+FutPart+A3sg+P3sg+Gen	1
761	Noun+A3sg+Pnon+Nom+Adj+Without+Verb+Become+Pos+Noun+Inf1+A3sg+Pnon+Ins	1
762	Noun+A3sg+Pnon+Nom+Adj+Without+Verb+Become+Pos+Noun+Inf2+A3pl+P3sg+Acc	1
763	Noun+A3sg+Pnon+Nom+Adj+Without+Verb+Become+Pos+Noun+Inf2+A3sg+P1pl+Acc	1
764	Noun+A3sg+Pnon+Nom+Adj+Without+Verb+Become+Pos+Noun+Inf2+A3sg+P1sg+Nom	1
765	Noun+A3sg+Pnon+Nom+Adj+Without+Verb+Become+Pos+Noun+Inf2+A3sg+P2pl+Dat	1
766	Noun+A3sg+Pnon+Nom+Adj+Without+Verb+Become+Pos+Noun+Inf2+A3sg+P3sg+Apos+Abl	1
767	Noun+A3sg+Pnon+Nom+Adj+Without+Verb+Become+Pos+Noun+Inf2+A3sg+P3sg+Nom+Verb+Past+A3sg	1
768	Noun+A3sg+Pnon+Nom+Adj+Without+Verb+Become+Pos+Noun+Inf2+A3sg+Pnon+Apos+Acc	1
769	Noun+A3sg+Pnon+Nom+Adj+Without+Verb+Become+Pos+Noun+Inf2+A3sg+Pnon+Loc	1
770	Noun+A3sg+Pnon+Nom+Adj+Without+Verb+Become+Pos+Noun+NarrNess+A3sg+P3sg+Dat	1
771	Noun+A3sg+Pnon+Nom+Adj+Without+Verb+Become+Pos+Noun+PastPart+A3pl+P3sg+Acc	1
772	Noun+A3sg+Pnon+Nom+Adj+Without+Verb+Become+Pos+Noun+PastPart+A3pl+P3sg+Dat	1
773	Noun+A3sg+Pnon+Nom+Adj+Without+Verb+Become+Pos+Noun+PastPart+A3pl+P3sg+Loc	1
774	Noun+A3sg+Pnon+Nom+Adj+Without+Verb+Become+Pos+Noun+PastPart+A3sg+P1pl+Acc	1
775	Noun+A3sg+Pnon+Nom+Adj+Without+Verb+Become+Pos+Noun+PastPart+A3sg+Pnon+Abl	1
776	Noun+A3sg+Pnon+Nom+Adj+Without+Verb+Become+Pos+Past+Cond+A3sg	1
777	Noun+A3sg+Pnon+Nom+Adj+Without+Verb+Become+Pos+Prog1+Cond+A3sg	1
778	Noun+A3sg+Pnon+Nom+Adj+Without+Verb+Become+Verb+Able+Neg+Noun+Inf1+A3sg+Pnon+Nom	1
779	Noun+A3sg+Pnon+Nom+Adj+Without+Verb+Become+Verb+Able+Pos+Fut+A1sg	1
780	Noun+A3sg+Pnon+Nom+Adj+Without+Verb+Become+Verb+Able+Pos+Fut+A3sg	1
781	Noun+A3sg+Pnon+Nom+Adj+Without+Verb+Become+Verb+Able+Pos+Prog1+A2sg	1
782	Noun+A3sg+Pnon+Nom+Adj+Without+Verb+Become+Verb+Able+Pos+Prog1+Cond+A3sg	1
783	Noun+A3sg+Pnon+Nom+Adj+Without+Verb+Become+Verb+Able+Pos+Prog2+A3sg+Cop+A3sg	1
784	Noun+A3sg+Pnon+Nom+Adj+Without+Verb+Become+Verb+Caus+Neg+Adj+PastPart+P3sg	1
785	Noun+A3sg+Pnon+Nom+Adj+Without+Verb+Become+Verb+Caus+Neg+Adj+PresPart	1
786	Noun+A3sg+Pnon+Nom+Adj+Without+Verb+Become+Verb+Caus+Neg+Aor+A3sg	1
787	Noun+A3sg+Pnon+Nom+Adj+Without+Verb+Become+Verb+Caus+Neg+Imp+A2pl	1
788	Noun+A3sg+Pnon+Nom+Adj+Without+Verb+Become+Verb+Caus+Neg+Noun+Inf2+A3sg+Pnon+Dat	1
789	Noun+A3sg+Pnon+Nom+Adj+Without+Verb+Become+Verb+Caus+Neg+Noun+Inf2+A3sg+Pnon+Nom	1
790	Noun+A3sg+Pnon+Nom+Adj+Without+Verb+Become+Verb+Caus+Pos+Adj+PastPart+P1pl	1
791	Noun+A3sg+Pnon+Nom+Adj+Without+Verb+Become+Verb+Caus+Pos+Adj+PresPart+Noun+A3pl+Pnon+Dat	1
792	Noun+A3sg+Pnon+Nom+Adj+Without+Verb+Become+Verb+Caus+Pos+Adj+PresPart+Noun+A3pl+Pnon+Nom	1
793	Noun+A3sg+Pnon+Nom+Adj+Without+Verb+Become+Verb+Caus+Pos+Adv+When	1
794	Noun+A3sg+Pnon+Nom+Adj+Without+Verb+Become+Verb+Caus+Pos+Aor+A1pl	1
795	Noun+A3sg+Pnon+Nom+Adj+Without+Verb+Become+Verb+Caus+Pos+Aor+A2pl	1
796	Noun+A3sg+Pnon+Nom+Adj+Without+Verb+Become+Verb+Caus+Pos+Aor+A3pl+Adv+While	1
797	Noun+A3sg+Pnon+Nom+Adj+Without+Verb+Become+Verb+Caus+Pos+Aor+Cond+A1pl	1
798	Noun+A3sg+Pnon+Nom+Adj+Without+Verb+Become+Verb+Caus+Pos+Aor+Past+A3sg	1
799	Noun+A3sg+Pnon+Nom+Adj+Without+Verb+Become+Verb+Caus+Pos+Desr+Past+A1pl	1
800	Noun+A3sg+Pnon+Nom+Adj+Without+Verb+Become+Verb+Caus+Pos+Fut+A1sg	1
801	Noun+A3sg+Pnon+Nom+Adj+Without+Verb+Become+Verb+Caus+Pos+Fut+Past+A3sg	1
802	Noun+A3sg+Pnon+Nom+Adj+Without+Verb+Become+Verb+Caus+Pos+Imp+A3sg	1
803	Noun+A3sg+Pnon+Nom+Adj+Without+Verb+Become+Verb+Caus+Pos+Narr+A2pl+Cop+A3sg	1
804	Noun+A3sg+Pnon+Nom+Adj+Without+Verb+Become+Verb+Caus+Pos+Narr+A2sg	1
805	Noun+A3sg+Pnon+Nom+Adj+Without+Verb+Become+Verb+Caus+Pos+Narr+A3pl	1
806	Noun+A3sg+Pnon+Nom+Adj+Without+Verb+Become+Verb+Caus+Pos+Narr+A3pl+Past	1
807	Noun+A3sg+Pnon+Nom+Adj+Without+Verb+Become+Verb+Caus+Pos+Narr+Cond+A3sg	1
808	Noun+A3sg+Pnon+Nom+Adj+Without+Verb+Become+Verb+Caus+Pos+Narr+Past+A1pl	1
809	Noun+A3sg+Pnon+Nom+Adj+Without+Verb+Become+Verb+Caus+Pos+Noun+Agt+A3pl+Pnon+Nom	1
810	Noun+A3sg+Pnon+Nom+Adj+Without+Verb+Become+Verb+Caus+Pos+Noun+Inf1+A3sg+Pnon+Nom+Verb+Cond+A3sg	1
811	Noun+A3sg+Pnon+Nom+Adj+Without+Verb+Become+Verb+Caus+Pos+Noun+Inf2+A3pl+Pnon+Gen	1
812	Noun+A3sg+Pnon+Nom+Adj+Without+Verb+Become+Verb+Caus+Pos+Noun+Inf2+A3sg+P2pl+Acc	1
813	Noun+A3sg+Pnon+Nom+Adj+Without+Verb+Become+Verb+Caus+Pos+Noun+Inf2+A3sg+P2sg+Nom	1
814	Noun+A3sg+Pnon+Nom+Adj+Without+Verb+Become+Verb+Caus+Pos+Noun+Inf2+A3sg+P3sg+Abl	1
815	Noun+A3sg+Pnon+Nom+Adj+Without+Verb+Become+Verb+Caus+Pos+Noun+Inf2+A3sg+P3sg+Dat	1
816	Noun+A3sg+Pnon+Nom+Adj+Without+Verb+Become+Verb+Caus+Pos+Noun+Inf2+A3sg+P3sg+Nom+Verb+Past+A3sg	1
817	Noun+A3sg+Pnon+Nom+Adj+Without+Verb+Become+Verb+Caus+Pos+Noun+Inf2+A3sg+Pnon+Apos+Ins	1
818	Noun+A3sg+Pnon+Nom+Adj+Without+Verb+Become+Verb+Caus+Pos+Noun+PastPart+A3sg+P2pl+Loc	1
819	Noun+A3sg+Pnon+Nom+Adj+Without+Verb+Become+Verb+Caus+Pos+Noun+PastPart+A3sg+P3sg+Abl	1
820	Noun+A3sg+Pnon+Nom+Adj+Without+Verb+Become+Verb+Caus+Pos+Prog1+A2sg	1
821	Noun+A3sg+Pnon+Nom+Adj+Without+Verb+Become+Verb+Caus+Pos+Prog1+A3pl+Past	1
822	Noun+A3sg+Pnon+Nom+Adj+Without+Verb+Become+Verb+Caus+Verb+Able+Neg+Adj+PresPart	1
823	Noun+A3sg+Pnon+Nom+Adj+Without+Verb+Become+Verb+Caus+Verb+Able+Neg+Narr+A3sg	1
824	Noun+A3sg+Pnon+Nom+Adj+Without+Verb+Become+Verb+Caus+Verb+Able+Neg+Noun+PastPart+A3pl+P1pl+Abl	1
825	Noun+A3sg+Pnon+Nom+Adj+Without+Verb+Become+Verb+Caus+Verb+Able+Neg+Noun+PastPart+A3sg+Pnon+Nom	1
826	Noun+A3sg+Pnon+Nom+Adj+Without+Verb+Become+Verb+Caus+Verb+Able+Neg+Past+A1sg	1
827	Noun+A3sg+Pnon+Nom+Adj+Without+Verb+Become+Verb+Caus+Verb+Able+Pos+Narr+A3sg	1
828	Noun+A3sg+Pnon+Nom+Adj+Without+Verb+Become+Verb+Caus+Verb+Able+Pos+Noun+FutPart+A3sg+P1pl+Acc	1
829	Noun+A3sg+Pnon+Nom+Adj+Without+Verb+Become+Verb+Caus+Verb+Able+Pos+Noun+FutPart+A3sg+P1pl+Dat	1
830	Noun+A3sg+Pnon+Nom+Adj+Without+Verb+Become+Verb+Caus+Verb+Able+Pos+Noun+Inf1+A3sg+Pnon+Nom	1
831	Noun+A3sg+Pnon+Nom+Adj+Without+Verb+Become+Verb+Caus+Verb+Able+Pos+Noun+Inf1+A3sg+Pnon+Nom+Verb+Pres+Cop+A3sg	1
832	Noun+A3sg+Pnon+Nom+Adj+Without+Verb+Become+Verb+Caus+Verb+Able+Pos+Noun+Inf2+A3sg+Pnon+Nom	1
833	Noun+A3sg+Pnon+Nom+Adj+Without+Verb+Become+Verb+Caus+Verb+Able+Pos+Noun+PastPart+A3pl+P3sg+Acc	1
834	Noun+A3sg+Pnon+Nom+Adj+Without+Verb+Become+Verb+Caus+Verb+Able+Pos+Past+A3sg	1
835	Noun+A3sg+Pnon+Nom+Adj+Without+Verb+Become+Verb+Caus+Verb+Able+Pos+Prog1+A2pl	1
836	Noun+A3sg+Pnon+Nom+Adj+Without+Verb+Become+Verb+Caus+Verb+Pass+Neg+Narr+A3pl	1
837	Noun+A3sg+Pnon+Nom+Adj+Without+Verb+Become+Verb+Caus+Verb+Pass+Neg+Neces+A3sg+Cop+A3sg	1
838	Noun+A3sg+Pnon+Nom+Adj+Without+Verb+Become+Verb+Caus+Verb+Pass+Neg+Noun+Inf2+A3sg+P3sg+Acc	1
839	Noun+A3sg+Pnon+Nom+Adj+Without+Verb+Become+Verb+Caus+Verb+Pass+Neg+Noun+Inf2+A3sg+Pnon+Nom+Adj+With	1
840	Noun+A3sg+Pnon+Nom+Adj+Without+Verb+Become+Verb+Caus+Verb+Pass+Pos+Aor+Cond+A3sg	1
841	Noun+A3sg+Pnon+Nom+Adj+Without+Verb+Become+Verb+Caus+Verb+Pass+Pos+Aor+Past+A3sg	1
842	Noun+A3sg+Pnon+Nom+Adj+Without+Verb+Become+Verb+Caus+Verb+Pass+Pos+Imp+A3sg	1
843	Noun+A3sg+Pnon+Nom+Adj+Without+Verb+Become+Verb+Caus+Verb+Pass+Pos+Narr+A3sg+Adv+While	1
844	Noun+A3sg+Pnon+Nom+Adj+Without+Verb+Become+Verb+Caus+Verb+Pass+Pos+Neces+A3sg+Cop+A3sg	1
845	Noun+A3sg+Pnon+Nom+Adj+Without+Verb+Become+Verb+Caus+Verb+Pass+Pos+Noun+Inf1+A3sg+Pnon+Abl	1
846	Noun+A3sg+Pnon+Nom+Adj+Without+Verb+Become+Verb+Caus+Verb+Pass+Pos+Noun+Inf2+A3pl+P3sg+Acc	1
847	Noun+A3sg+Pnon+Nom+Adj+Without+Verb+Become+Verb+Caus+Verb+Pass+Pos+Noun+Inf2+A3pl+P3sg+Gen	1
848	Noun+A3sg+Pnon+Nom+Adj+Without+Verb+Become+Verb+Caus+Verb+Pass+Pos+Noun+Inf2+A3pl+P3sg+Nom+Verb+Past+A3sg	1
849	Noun+A3sg+Pnon+Nom+Adj+Without+Verb+Become+Verb+Caus+Verb+Pass+Pos+Noun+Inf2+A3sg+P1pl+Nom	1
850	Noun+A3sg+Pnon+Nom+Adj+Without+Verb+Become+Verb+Caus+Verb+Pass+Pos+Noun+Inf2+A3sg+P3sg+Apos+Ins	1
851	Noun+A3sg+Pnon+Nom+Adj+Without+Verb+Become+Verb+Caus+Verb+Pass+Pos+Noun+Inf2+A3sg+Pnon+Abl	1
852	Noun+A3sg+Pnon+Nom+Adj+Without+Verb+Become+Verb+Caus+Verb+Pass+Pos+Noun+Inf2+A3sg+Pnon+Ins	1
853	Noun+A3sg+Pnon+Nom+Adj+Without+Verb+Become+Verb+Caus+Verb+Pass+Pos+Noun+Inf3+A3sg+P3sg+Gen	1
854	Noun+A3sg+Pnon+Nom+Adj+Without+Verb+Become+Verb+Caus+Verb+Pass+Pos+Noun+NarrNess+A3sg+P3sg+Apos+Acc	1
855	Noun+A3sg+Pnon+Nom+Adj+Without+Verb+Become+Verb+Caus+Verb+Pass+Pos+Noun+PastPart+A3sg+P1sg+Gen	1
856	Noun+A3sg+Pnon+Nom+Adj+Without+Verb+Become+Verb+Caus+Verb+Pass+Pos+Noun+PastPart+A3sg+P3sg+Abl	1
857	Noun+A3sg+Pnon+Nom+Adj+Without+Verb+Become+Verb+Caus+Verb+Pass+Pos+Noun+PastPart+A3sg+P3sg+Dat	1
858	Noun+A3sg+Pnon+Nom+Adj+Without+Verb+Become+Verb+Caus+Verb+Pass+Pos+Noun+PastPart+A3sg+P3sg+Loc	1
859	Noun+A3sg+Pnon+Nom+Adj+Without+Verb+Become+Verb+Caus+Verb+Pass+Pos+Past+A3pl	1
860	Noun+A3sg+Pnon+Nom+Adj+Without+Verb+Become+Verb+Caus+Verb+Pass+Pos+Prog1+A1pl	1
861	Noun+A3sg+Pnon+Nom+Adj+Without+Verb+Become+Verb+Caus+Verb+Pass+Pos+Prog1+Narr+A3sg	1
862	Noun+A3sg+Pnon+Nom+Adj+Without+Verb+Become+Verb+Caus+Verb+Pass+Verb+Able+Neg+Aor+Past+A3sg	1
863	Noun+A3sg+Pnon+Nom+Adj+Without+Verb+Become+Verb+Caus+Verb+Pass+Verb+Able+Pos+Fut+A3sg	1
864	Noun+A3sg+Pnon+Nom+Adj+Without+Verb+Become+Verb+Caus+Verb+Pass+Verb+Able+Pos+Noun+FutPart+A3sg+P3sg+Acc	1
865	Noun+A3sg+Pnon+Nom+Adj+Without+Verb+Become+Verb+Caus+Verb+Pass+Verb+Able+Pos+Noun+Inf2+A3sg+Pnon+Nom	1
866	Noun+A3sg+Pnon+Nom+Adj+Without+Verb+Become+Verb+Hastily+Pos+Aor+A3sg	1
867	Noun+A3sg+Pnon+Nom+Adj+Without+Verb+Become+Verb+Hastily+Pos+Past+A3sg	1
868	Noun+A3sg+Pnon+Nom+Adj+Without+Verb+Become+Verb+Hastily+Pos+Prog1+A3sg	1
869	Noun+A3sg+Pnon+Nom+Adj+Without+Verb+Become+Verb+Pass+Neg+Aor+A3sg	1
870	Noun+A3sg+Pnon+Nom+Noun+Agt+A3sg+Pnon+Nom+Adj+Without+Noun+Ness+A3sg+P1sg+Ins	1
871	Noun+A3sg+Pnon+Nom+Noun+Agt+A3sg+Pnon+Nom+Adj+Without+Noun+Ness+A3sg+P3sg+Gen	1
872	Noun+A3sg+Pnon+Nom+Noun+Agt+A3sg+Pnon+Nom+Adj+Without+Noun+Ness+A3sg+Pnon+Dat	1
873	Noun+A3sg+Pnon+Nom+Noun+Agt+A3sg+Pnon+Nom+Adj+Without+Noun+Ness+A3sg+Pnon+Gen	1
874	Noun+A3sg+Pnon+Nom+Noun+Agt+A3sg+Pnon+Nom+Adj+Without+Verb+Become+Verb+Caus+Verb+Pass+Pos+Noun+Inf2+A3sg+Pnon+Dat	1
875	Noun+A3sg+Pnon+Nom+Noun+Dim+A3sg+Pnon+Nom+Adj+Without+Noun+Ness+A3pl+Pnon+Nom	1
876	Noun+A3sg+Pnon+Nom+Noun+Dim+A3sg+Pnon+Nom+Noun+Ness+A3sg+Pnon+Nom+Adj+Without+Noun+A3sg+P3sg+Nom	1
877	Noun+A3sg+Pnon+Nom+Noun+Ness+A3sg+Pnon+Nom+Adj+Without+Noun+A3sg+Pnon+Apos+Gen	1
878	Noun+A3sg+Pnon+Nom+Noun+Ness+A3sg+Pnon+Nom+Adj+Without+Verb+Pres+Cop+A3sg	1
879	Noun+A3sg+Pnon+Nom+Verb+Acquire+Verb+Pass+Pos+Adj+PresPart+Noun+A3sg+Pnon+Nom+Adj+Without+Verb+Pres+Cop+A3sg	1
880	Noun+A3sg+Pnon+Nom+Verb+Become+Verb+Caus+Pos+Noun+Inf2+A3sg+Pnon+Nom+Adj+Without+Noun+A3sg+Pnon+Dat	1
881	Noun+Acro+Apos+A3sg+Pnon+Nom+Adj+Without+Noun+Ness+A3sg+P3sg+Nom+Verb+Pres+Cop+A3sg	1
882	Noun+NoHats+A3sg+Pnon+Nom+Adj+Without+Noun+A3pl+P1sg+Gen	1
883	Noun+NoHats+A3sg+Pnon+Nom+Adj+Without+Noun+A3pl+P3sg+Abl	1
884	Noun+NoHats+A3sg+Pnon+Nom+Adj+Without+Noun+A3pl+P3sg+Dat	1
885	Noun+NoHats+A3sg+Pnon+Nom+Adj+Without+Noun+A3pl+P3sg+Ins	1
886	Noun+NoHats+A3sg+Pnon+Nom+Adj+Without+Noun+A3pl+Pnon+Ins	1
887	Noun+NoHats+A3sg+Pnon+Nom+Adj+Without+Noun+A3sg+P3sg+Abl	1
888	Noun+NoHats+A3sg+Pnon+Nom+Adj+Without+Noun+A3sg+P3sg+Loc	1
889	Noun+NoHats+A3sg+Pnon+Nom+Adj+Without+Noun+A3sg+P3sg+Nom+Verb+Past+A3sg	1
890	Noun+NoHats+A3sg+Pnon+Nom+Adj+Without+Noun+A3sg+P3sg+Nom+Verb+Pres+Cop+A3sg	1
891	Noun+NoHats+A3sg+Pnon+Nom+Adj+Without+Noun+A3sg+Pnon+Apos+Gen	1
892	Noun+NoHats+A3sg+Pnon+Nom+Adj+Without+Noun+A3sg+Pnon+Gen+Verb+Pres+A1sg	1
893	Noun+NoHats+A3sg+Pnon+Nom+Adj+Without+Noun+Ness+A3sg+P3sg+Acc	1
894	Noun+NoHats+A3sg+Pnon+Nom+Adj+Without+Noun+Ness+A3sg+Pnon+Dat	1
895	Noun+NoHats+A3sg+Pnon+Nom+Adj+Without+Noun+Ness+A3sg+Pnon+Gen	1
896	Noun+NoHats+A3sg+Pnon+Nom+Adj+Without+Noun+Ness+A3sg+Pnon+Loc	1
897	Noun+NoHats+A3sg+Pnon+Nom+Adj+Without+Verb+Become+Pos+Adj+PastPart+P3pl	1
898	Noun+NoHats+A3sg+Pnon+Nom+Adj+Without+Verb+Become+Pos+Adj+PresPart+Noun+A3sg+Pnon+Dat	1
899	Noun+NoHats+A3sg+Pnon+Nom+Adj+Without+Verb+Become+Pos+Adv+AsLongAs	1
900	Noun+NoHats+A3sg+Pnon+Nom+Adj+Without+Verb+Become+Pos+Fut+A2sg	1
901	Noun+NoHats+A3sg+Pnon+Nom+Adj+Without+Verb+Become+Pos+Fut+Past+A3sg	1
902	Noun+NoHats+A3sg+Pnon+Nom+Adj+Without+Verb+Become+Pos+Imp+A2sg	1
903	Noun+NoHats+A3sg+Pnon+Nom+Adj+Without+Verb+Become+Pos+Narr+Past+A3sg	1
904	Noun+NoHats+A3sg+Pnon+Nom+Adj+Without+Verb+Become+Pos+Noun+FutPart+A3sg+P3sg+Dat	1
905	Noun+NoHats+A3sg+Pnon+Nom+Adj+Without+Verb+Become+Pos+Noun+Inf2+A3sg+P3sg+Nom+Verb+Pres+Cop+A3sg	1
906	Noun+NoHats+A3sg+Pnon+Nom+Adj+Without+Verb+Become+Pos+Noun+PastPart+A3pl+P3sg+Acc	1
907	Noun+NoHats+A3sg+Pnon+Nom+Adj+Without+Verb+Become+Pos+Prog1+A3pl	1
908	Noun+NoHats+A3sg+Pnon+Nom+Adj+Without+Verb+Become+Pos+Prog2+A3sg+Cop+A3pl	1
909	Noun+NoHats+A3sg+Pnon+Nom+Adj+Without+Verb+Become+Verb+Able+Pos+Aor+Past+A3sg	1
910	Noun+NoHats+A3sg+Pnon+Nom+Adj+Without+Verb+Become+Verb+Caus+Neg+Noun+FutPart+A3sg+P3sg+Acc	1
911	Noun+NoHats+A3sg+Pnon+Nom+Adj+Without+Verb+Become+Verb+Caus+Pos+Adj+PastPart+P3sg	1
912	Noun+NoHats+A3sg+Pnon+Nom+Adj+Without+Verb+Become+Verb+Caus+Pos+Adv+AfterDoingSo	1
913	Noun+NoHats+A3sg+Pnon+Nom+Adj+Without+Verb+Become+Verb+Caus+Pos+Fut+A3pl	1
914	Noun+NoHats+A3sg+Pnon+Nom+Adj+Without+Verb+Become+Verb+Caus+Pos+Fut+A3sg+Cop+A3sg	1
915	Noun+NoHats+A3sg+Pnon+Nom+Adj+Without+Verb+Become+Verb+Caus+Pos+Noun+Inf1+A3sg+Pnon+Ins	1
916	Noun+NoHats+A3sg+Pnon+Nom+Adj+Without+Verb+Become+Verb+Caus+Pos+Noun+Inf2+A3sg+Pnon+Dat	1
917	Noun+NoHats+A3sg+Pnon+Nom+Adj+Without+Verb+Become+Verb+Caus+Pos+Prog2+A3sg	1
918	Noun+NoHats+A3sg+Pnon+Nom+Adj+Without+Verb+Become+Verb+Caus+Verb+Pass+Pos+Adj+FutPart+P3sg	1
919	Noun+NoHats+A3sg+Pnon+Nom+Adj+Without+Verb+Become+Verb+Caus+Verb+Pass+Pos+Adv+AfterDoingSo	1
920	Noun+NoHats+A3sg+Pnon+Nom+Adj+Without+Verb+Become+Verb+Caus+Verb+Pass+Pos+Narr+A3sg	1
921	Noun+NoHats+A3sg+Pnon+Nom+Adj+Without+Verb+Become+Verb+Caus+Verb+Pass+Pos+Noun+Inf1+A3sg+Pnon+Nom	1
922	Noun+NoHats+A3sg+Pnon+Nom+Adj+Without+Verb+Become+Verb+Caus+Verb+Pass+Pos+Noun+Inf2+A3sg+P3sg+Abl	1
923	Noun+NoHats+A3sg+Pnon+Nom+Adj+Without+Verb+Become+Verb+Caus+Verb+Pass+Pos+Noun+Inf2+A3sg+P3sg+Nom	1
924	Noun+NoHats+A3sg+Pnon+Nom+Adj+Without+Verb+Become+Verb+Caus+Verb+Pass+Pos+Noun+PastPart+A3sg+P3sg+Acc	1
925	Noun+NoHats+A3sg+Pnon+Nom+Adj+Without+Verb+Become+Verb+Caus+Verb+Pass+Pos+Past+A3sg	1
926	Noun+NoHats+A3sg+Pnon+Nom+Adj+Without+Verb+Become+Verb+Caus+Verb+Pass+Pos+Prog2+A3sg+Cop+A3sg	1
927	Noun+NoHats+A3sg+Pnon+Nom+Adj+Without+Verb+Become+Verb+Caus+Verb+Pass+Verb+Able+Pos+Aor+A3sg	1
928	Noun+NoHats+A3sg+Pnon+Nom+Adj+Without+Verb+Pres+A2pl	1
929	Noun+NoHats+Prop+A3sg+Pnon+Nom+Adj+Without+Noun+A3sg+Pnon+Apos+Dat	1
930	Noun+NoHats+Prop+A3sg+Pnon+Nom+Adj+Without+Noun+Ness+A3sg+Pnon+Loc	1
931	Noun+Prop+A3sg+Pnon+Nom+Adj+Without+Noun+A3pl+Pnon+Loc	1
932	Noun+Prop+A3sg+Pnon+Nom+Adj+Without+Noun+A3sg+Pnon+Apos+Abl	1
933	Noun+Prop+A3sg+Pnon+Nom+Adj+Without+Noun+A3sg+Pnon+Apos+Acc	1
934	Noun+Prop+A3sg+Pnon+Nom+Adj+Without+Noun+A3sg+Pnon+Apos+Gen	1
935	Noun+Prop+A3sg+Pnon+Nom+Adj+Without+Noun+A3sg+Pnon+Loc	1
936	Noun+Prop+A3sg+Pnon+Nom+Adj+Without+Noun+Ness+A3pl+P3sg+Nom	1
937	Noun+Prop+A3sg+Pnon+Nom+Adj+Without+Noun+Ness+A3pl+Pnon+Nom	1
938	Noun+Prop+A3sg+Pnon+Nom+Adj+Without+Noun+Ness+A3sg+P1pl+Gen	1
939	Noun+Prop+A3sg+Pnon+Nom+Adj+Without+Noun+Ness+A3sg+P1pl+Loc	1
940	Noun+Prop+A3sg+Pnon+Nom+Adj+Without+Noun+Ness+A3sg+P3sg+Abl	1
941	Noun+Prop+A3sg+Pnon+Nom+Adj+Without+Noun+Ness+A3sg+P3sg+Dat	1
942	Noun+Prop+A3sg+Pnon+Nom+Adj+Without+Noun+Ness+A3sg+P3sg+Ins	1
943	Noun+Prop+A3sg+Pnon+Nom+Adj+Without+Noun+Ness+A3sg+P3sg+Loc	1
944	Noun+Prop+A3sg+Pnon+Nom+Adj+Without+Noun+Ness+A3sg+P3sg+Nom+Verb+Past+A3sg	1
945	Noun+Prop+A3sg+Pnon+Nom+Adj+Without+Noun+Ness+A3sg+Pnon+Nom+Verb+Past+A3sg	1
946	Noun+Prop+A3sg+Pnon+Nom+Adj+Without+Verb+Become+Pos+Adj+PresPart	1
947	Noun+Prop+A3sg+Pnon+Nom+Adj+Without+Verb+Become+Pos+Noun+Inf2+A3pl+P3sg+Ins	1
948	Noun+Prop+A3sg+Pnon+Nom+Adj+Without+Verb+Become+Pos+Noun+Inf2+A3sg+P3sg+Dat	1
949	Noun+Prop+A3sg+Pnon+Nom+Adj+Without+Verb+Become+Pos+Prog1+A3sg	1
950	Noun+Prop+A3sg+Pnon+Nom+Adj+Without+Verb+Become+Pos+Prog2+A3sg+Cop+A3sg	1
951	Noun+Prop+A3sg+Pnon+Nom+Adj+Without+Verb+Become+Verb+Caus+Verb+Pass+Pos+Adj+PastPart+P3sg	1
952	Noun+Prop+A3sg+Pnon+Nom+Adj+Without+Verb+Cond+A3sg	1
953	Noun+Prop+A3sg+Pnon+Nom+Adj+Without+Verb+Past+A1pl	1
954	Noun+Prop+A3sg+Pnon+Nom+Adj+Without+Verb+Past+A2sg	1
955	Noun+Prop+A3sg+Pnon+Nom+Adj+Without+Verb+Past+A3pl	1
956	Noun+Prop+A3sg+Pnon+Nom+Adj+Without+Verb+Pres+A1sg+Cop+A3sg	1
957	Verb+Neg+Noun+Inf2+A3sg+Pnon+Nom+Adj+Without+Noun+Ness+A3sg+Pnon+Abl	1
958	Verb+Pos+Adj+PresPart+Noun+A3sg+Pnon+Nom+Adj+Without+Verb+Past+A3sg	1
959	Verb+Pos+Noun+Agt+A3sg+Pnon+Nom+Adj+Without+Noun+A3sg+P3sg+Dat	1
960	Verb+Pos+Noun+Agt+A3sg+Pnon+Nom+Adj+Without+Noun+A3sg+Pnon+Gen	1
961	Verb+Pos+Noun+Agt+A3sg+Pnon+Nom+Adj+Without+Noun+Ness+A3sg+Pnon+Nom	1
962	Verb+Pos+Noun+FutPart+A3sg+Pnon+Nom+Adj+Without+Noun+Ness+A3sg+Pnon+Abl	1
963	Verb+Pos+Noun+FutPart+A3sg+Pnon+Nom+Adj+Without+Verb+Past+A3sg	1
964	Verb+Pos+Noun+Inf2+A3sg+Pnon+Nom+Adj+With+Noun+A3sg+Pnon+Nom+Adj+Without+Noun+A3sg+P2pl+Nom	1
965	Verb+Pos+Noun+Inf2+A3sg+Pnon+Nom+Adj+Without+Noun+A3pl+Pnon+Abl	1
966	Verb+Pos+Noun+Inf2+A3sg+Pnon+Nom+Adj+Without+Noun+A3pl+Pnon+Dat	1
967	Verb+Pos+Noun+Inf2+A3sg+Pnon+Nom+Adj+Without+Noun+A3pl+Pnon+Nom+Verb+Past+A3sg	1
968	Verb+Pos+Noun+Inf2+A3sg+Pnon+Nom+Adj+Without+Noun+A3sg+P3sg+Gen	1
969	Verb+Pos+Noun+Inf2+A3sg+Pnon+Nom+Adj+Without+Noun+A3sg+Pnon+Apos+Loc+Adj+Rel	1
970	Verb+Pos+Noun+Inf2+A3sg+Pnon+Nom+Adj+Without+Noun+A3sg+Pnon+Loc	1
971	Verb+Pos+Noun+Inf2+A3sg+Pnon+Nom+Adj+Without+Noun+Ness+A3pl+Pnon+Abl	1
972	Verb+Pos+Noun+Inf2+A3sg+Pnon+Nom+Adj+Without+Noun+Ness+A3sg+Pnon+Abl	1
973	Verb+Pos+Noun+Inf2+A3sg+Pnon+Nom+Adj+Without+Verb+Become+Verb+Caus+Pos+Aor+A3sg	1
974	Verb+Pos+Noun+Inf2+A3sg+Pnon+Nom+Adj+Without+Verb+Narr+A3sg	1
975	Verb+Pos+Noun+Inf2+A3sg+Pnon+Nom+Adj+Without+Verb+Past+A1pl	1
976	Verb+Pos+Noun+Inf2+A3sg+Pnon+Nom+Adj+Without+Verb+Pres+A2sg	1
977	Verb+Pos+Noun+Inf2+A3sg+Pnon+Nom+Adj+Without+Verb+Pres+A2sg+Cop+A3sg	1
978	Verb+Pos+Noun+Inf3+A3sg+Pnon+Nom+Adj+Without+Noun+A3pl+Pnon+Nom	1
979	Verb+Pos+Noun+Inf3+A3sg+Pnon+Nom+Adj+Without+Noun+Ness+A3sg+P1pl+Loc	1
980	Verb+Pos+Noun+Inf3+A3sg+Pnon+Nom+Adj+Without+Noun+Ness+A3sg+P3sg+Ins	1
981	Verb+Pos+Noun+Inf3+A3sg+Pnon+Nom+Adj+Without+Noun+Ness+A3sg+Pnon+Abl	1
982	Verb+Pos+Noun+Inf3+A3sg+Pnon+Nom+Adj+Without+Verb+Adv+While	1
983	Verb+Pos+Noun+Inf3+A3sg+Pnon+Nom+Adj+Without+Verb+Past+A3sg	1
984	Verb+Verb+Able+Pos+Noun+FutPart+A3sg+Pnon+Nom+Adj+Without+Noun+A3sg+P3sg+Nom	1
985	Verb+Verb+Caus+Pos+Noun+Agt+A3sg+Pnon+Nom+Adj+Without+Noun+Ness+A3sg+P3sg+Nom	1
986	Verb+Verb+Caus+Pos+Noun+Inf2+A3sg+Pnon+Nom+Adj+Without+Verb+Pres+Cop+A3sg	1
987	Verb+Verb+Pass+Pos+Noun+FutPart+A3sg+Pnon+Nom+Adj+Without+Noun+A3sg+P2pl+Nom	1
988	Verb+Verb+Pass+Pos+Noun+Inf2+A3sg+Pnon+Nom+Adj+Without+Noun+Ness+A3sg+P1pl+Abl	1
989	Verb+Verb+Pass+Pos+Noun+Inf2+A3sg+Pnon+Nom+Adj+Without+Noun+Ness+A3sg+P1sg+Nom	1
990	Verb+Verb+Pass+Pos+Noun+Inf2+A3sg+Pnon+Nom+Adj+Without+Noun+Ness+A3sg+Pnon+Nom	1
991	Verb+Verb+Pass+Pos+Noun+Inf2+A3sg+Pnon+Nom+Adj+Without+Verb+Past+A3sg	1
992	Verb+Verb+Pass+Pos+Noun+Inf2+A3sg+Pnon+Nom+Adj+Without+Verb+Pres+Cop+A3pl	1
